Location,Station_Number,Depth,Time_Range,Population,Sample_Type,VP,abs_VP,VP_SE,VP_R_Squared,VP_Method
CR,1,1,T0_T3,c_Viruses,VP,190507.9365,571523.8095,19608.38566,0.959346942,LM_ALLPOINTS
CR,1,1,T0_T6,c_Viruses,VP,25812.9985,154877.991,58097.43422,0.027427545,LM_ALLPOINTS
CR,1,1,T0_T9,c_Viruses,VP,77435.33546,696918.0191,33562.98023,0.347386735,LM_ALLPOINTS
CR,1,1,T0_T12,c_Viruses,VP,89355.6606,1072267.927,21228.07009,0.576800095,LM_ALLPOINTS
CR,1,1,T0_T24,c_Viruses,VP,91052.00881,2185248.211,9758.813261,0.84474048,LM_ALLPOINTS
CR,2,1,T0_T3,c_Viruses,VP,62388.75918,187166.2775,196058.7323,0.010024547,LM_ALLPOINTS
CR,2,1,T0_T6,c_Viruses,VP,98022.8443,588137.0658,110840.8693,0.046602455,LM_ALLPOINTS
CR,2,1,T0_T9,c_Viruses,VP,91751.18257,825760.6431,76267.5658,0.061723658,LM_ALLPOINTS
CR,2,1,T0_T12,c_Viruses,VP,67961.4034,815536.8408,56032.66534,0.049916689,LM_ALLPOINTS
CR,2,1,T0_T24,c_Viruses,VP,77091.25317,1850190.076,34223.98665,0.129855794,LM_ALLPOINTS
CR,3,1,T0_T3,c_Viruses,VP,182682.0587,548046.176,28323.40863,0.91228207,LM_ALLPOINTS
CR,3,1,T0_T6,c_Viruses,VP,190721.9817,1144331.89,18184.16747,0.940173786,LM_ALLPOINTS
CR,3,1,T0_T9,c_Viruses,VP,190899.8557,1718098.701,10836.14498,0.968784827,LM_ALLPOINTS
CR,3,1,T0_T12,c_Viruses,VP,261296.8226,3135561.871,21322.93831,0.920326968,LM_ALLPOINTS
CR,3,1,T0_T24,c_Viruses,VP,72286.28512,1734870.843,29567.73155,0.271962747,LM_ALLPOINTS
CR,4,1,T0_T3,c_Viruses,VP,284571.4286,853714.2857,148711.1133,0.477930111,LM_ALLPOINTS
CR,4,1,T0_T6,c_Viruses,VP,291627.866,1749767.196,78573.41729,0.663064351,LM_ALLPOINTS
CR,4,1,T0_T9,c_Viruses,VP,236919.224,2132273.016,48217.55451,0.707113723,LM_ALLPOINTS
CR,4,1,T0_T12,c_Viruses,VP,254062.7866,3048753.439,39098.46351,0.764596496,LM_ALLPOINTS
CR,4,1,T0_T24,c_Viruses,VP,107956.9444,2590966.667,29091.69971,0.462562808,LM_ALLPOINTS
CR,5,1,T0_T3,c_Viruses,VP,150679.0123,452037.037,47929.33518,0.711884412,LM_ALLPOINTS
CR,5,1,T0_T6,c_Viruses,VP,242330.2469,1453981.481,49076.34513,0.776942794,LM_ALLPOINTS
CR,5,1,T0_T12,c_Viruses,VP,205154.321,2461851.852,23957.61543,0.87999337,LM_ALLPOINTS
CR,5,1,T0_T24,c_Viruses,VP,155335.6481,3728055.556,14455.73587,0.89880753,LM_ALLPOINTS
CR,1,1,T0_T12,c_Viruses,VP,89355.6606,1072267.927,4606.886907,0.651735184,LM_SR_AVG
CR,1,1,T0_T24,c_Viruses,VP,91052.00881,2185248.211,2341.631677,0.873009815,LM_SR_AVG
CR,1,1,T0_T3,c_Viruses,VP,190507.9365,571523.8095,23738.07268,1,LM_SR_AVG
CR,1,1,T0_T6,c_Viruses,VP,25812.9985,154877.991,57224.02894,0.371312624,LM_SR_AVG
CR,1,1,T0_T9,c_Viruses,VP,77435.33546,696918.0191,11644.78768,0.460480509,LM_SR_AVG
CR,2,1,T0_T12,c_Viruses,VP,67961.4034,815536.8408,14919.01896,0.059893759,LM_SR_AVG
CR,2,1,T0_T24,c_Viruses,VP,77091.25317,1850190.076,12164.54528,0.136839385,LM_SR_AVG
CR,2,1,T0_T3,c_Viruses,VP,62388.75918,187166.2775,69702.5822,0.047986052,LM_SR_AVG
CR,2,1,T0_T6,c_Viruses,VP,98022.8443,588137.0658,30166.90001,0.067598612,LM_SR_AVG
CR,2,1,T0_T9,c_Viruses,VP,91751.18257,825760.6431,12204.69258,0.073861131,LM_SR_AVG
CR,3,1,T0_T12,c_Viruses,VP,261296.8226,3135561.871,9566.172688,0.927462597,LM_SR_AVG
CR,3,1,T0_T24,c_Viruses,VP,72286.28512,1734870.843,15328.96258,0.284999797,LM_SR_AVG
CR,3,1,T0_T3,c_Viruses,VP,182682.0587,548046.176,31612.15597,1,LM_SR_AVG
CR,3,1,T0_T6,c_Viruses,VP,190721.9817,1144331.89,25605.00298,0.997820596,LM_SR_AVG
CR,3,1,T0_T9,c_Viruses,VP,190899.8557,1718098.701,6910.622009,0.983997399,LM_SR_AVG
CR,4,1,T0_T12,c_Viruses,VP,254062.7866,3048753.439,29111.82782,0.965476599,LM_SR_AVG
CR,4,1,T0_T24,c_Viruses,VP,107956.9444,2590966.667,11507.88551,0.607764576,LM_SR_AVG
CR,4,1,T0_T3,c_Viruses,VP,284571.4286,853714.2857,93604.46527,1,LM_SR_AVG
CR,4,1,T0_T6,c_Viruses,VP,291627.866,1749767.196,41963.4182,0.965073397,LM_SR_AVG
CR,4,1,T0_T9,c_Viruses,VP,236919.224,2132273.016,17122.97921,0.937541038,LM_SR_AVG
CR,5,1,T0_T12,c_Viruses,VP,205154.321,2461851.852,22422.11681,0.956608758,LM_SR_AVG
CR,5,1,T0_T24,c_Viruses,VP,155335.6481,3728055.556,15734.37483,0.950313406,LM_SR_AVG
CR,5,1,T0_T3,c_Viruses,VP,150679.0123,452037.037,57245.88924,1,LM_SR_AVG
CR,5,1,T0_T6,c_Viruses,VP,242330.2469,1453981.481,50073.4331,0.914500166,LM_SR_AVG
CR,1,1,T0_T3,c_Viruses,VP,190507.9365,571523.8095,NA,1,LM_AR
CR,1,1,T0_T6,c_Viruses,VP,25812.9985,154877.991,95086.66679,0.068636758,LM_AR
CR,1,1,T0_T9,c_Viruses,VP,77435.33546,696918.0191,51928.63755,0.526474814,LM_AR
CR,1,1,T0_T12,c_Viruses,VP,89355.6606,1072267.927,30760.78429,0.737720755,LM_AR
CR,1,1,T0_T24,c_Viruses,VP,91052.00881,2185248.211,13328.8089,0.92105089,LM_AR
CR,2,1,T0_T3,c_Viruses,VP,62388.75918,187166.2775,NA,1,LM_AR
CR,2,1,T0_T6,c_Viruses,VP,98022.8443,588137.0658,20573.34864,0.957807654,LM_AR
CR,2,1,T0_T9,c_Viruses,VP,91751.18257,825760.6431,9887.556918,0.97730068,LM_AR
CR,2,1,T0_T12,c_Viruses,VP,67961.4034,815536.8408,14874.10922,0.874354722,LM_AR
CR,2,1,T0_T24,c_Viruses,VP,77091.25317,1850190.076,6959.05997,0.9684339,LM_AR
CR,3,1,T0_T3,c_Viruses,VP,182682.0587,548046.176,NA,1,LM_AR
CR,3,1,T0_T6,c_Viruses,VP,190721.9817,1144331.89,4641.851731,0.999407997,LM_AR
CR,3,1,T0_T9,c_Viruses,VP,190899.8557,1718098.701,2078.437847,0.999762977,LM_AR
CR,3,1,T0_T12,c_Viruses,VP,261296.8226,3135561.871,40661.41844,0.9322731,LM_AR
CR,3,1,T0_T24,c_Viruses,VP,72286.28512,1734870.843,57333.10773,0.284391375,LM_AR
CR,4,1,T0_T3,c_Viruses,VP,284571.4286,853714.2857,NA,1,LM_AR
CR,4,1,T0_T6,c_Viruses,VP,291627.866,1749767.196,4074.036027,0.999804878,LM_AR
CR,4,1,T0_T9,c_Viruses,VP,236919.224,2132273.016,31638.55332,0.965561627,LM_AR
CR,4,1,T0_T12,c_Viruses,VP,254062.7866,3048753.439,20775.78555,0.980333464,LM_AR
CR,4,1,T0_T24,c_Viruses,VP,107956.9444,2590966.667,43125.87386,0.610383454,LM_AR
CR,5,1,T0_T3,c_Viruses,VP,150679.0123,452037.037,NA,1,LM_AR
CR,5,1,T0_T6,c_Viruses,VP,242330.2469,1453981.481,52914.86495,0.954489532,LM_AR
CR,5,1,T0_T12,c_Viruses,VP,205154.321,2461851.852,22907.33766,0.975671162,LM_AR
CR,5,1,T0_T24,c_Viruses,VP,155335.6481,3728055.556,17554.75693,0.963098883,LM_AR
CR,1,1,T0_T3,c_Viruses,VP,190507.9365,571523.8095,NA,1,LM_AR_DIFF
CR,1,1,T0_T6,c_Viruses,VP,25812.9985,154877.991,95086.66679,0.068636758,LM_AR_DIFF
CR,1,1,T0_T9,c_Viruses,VP,77435.33546,696918.0191,51928.63755,0.526474814,LM_AR_DIFF
CR,1,1,T0_T12,c_Viruses,VP,89355.6606,1072267.927,30760.78429,0.737720755,LM_AR_DIFF
CR,1,1,T0_T24,c_Viruses,VP,91052.00881,2185248.211,13328.8089,0.92105089,LM_AR_DIFF
CR,2,1,T0_T3,c_Viruses,VP,62388.75918,187166.2775,NA,1,LM_AR_DIFF
CR,2,1,T0_T6,c_Viruses,VP,98022.8443,588137.0658,20573.34864,0.957807654,LM_AR_DIFF
CR,2,1,T0_T9,c_Viruses,VP,91751.18257,825760.6431,9887.556918,0.97730068,LM_AR_DIFF
CR,2,1,T0_T12,c_Viruses,VP,67961.4034,815536.8408,14874.10922,0.874354722,LM_AR_DIFF
CR,2,1,T0_T24,c_Viruses,VP,77091.25317,1850190.076,6959.05997,0.9684339,LM_AR_DIFF
CR,3,1,T0_T3,c_Viruses,VP,182682.0587,548046.176,NA,1,LM_AR_DIFF
CR,3,1,T0_T6,c_Viruses,VP,190721.9817,1144331.89,4641.851731,0.999407997,LM_AR_DIFF
CR,3,1,T0_T9,c_Viruses,VP,190899.8557,1718098.701,2078.437847,0.999762977,LM_AR_DIFF
CR,3,1,T0_T12,c_Viruses,VP,261296.8226,3135561.871,40661.41844,0.9322731,LM_AR_DIFF
CR,3,1,T0_T24,c_Viruses,VP,72286.28512,1734870.843,57333.10773,0.284391375,LM_AR_DIFF
CR,4,1,T0_T3,c_Viruses,VP,284571.4286,853714.2857,NA,1,LM_AR_DIFF
CR,4,1,T0_T6,c_Viruses,VP,291627.866,1749767.196,4074.036027,0.999804878,LM_AR_DIFF
CR,4,1,T0_T9,c_Viruses,VP,236919.224,2132273.016,31638.55332,0.965561627,LM_AR_DIFF
CR,4,1,T0_T12,c_Viruses,VP,254062.7866,3048753.439,20775.78555,0.980333464,LM_AR_DIFF
CR,4,1,T0_T24,c_Viruses,VP,107956.9444,2590966.667,43125.87386,0.610383454,LM_AR_DIFF
CR,5,1,T0_T3,c_Viruses,VP,150679.0123,452037.037,NA,1,LM_AR_DIFF
CR,5,1,T0_T6,c_Viruses,VP,242330.2469,1453981.481,52914.86495,0.954489532,LM_AR_DIFF
CR,5,1,T0_T12,c_Viruses,VP,205154.321,2461851.852,22907.33766,0.975671162,LM_AR_DIFF
CR,5,1,T0_T24,c_Viruses,VP,155335.6481,3728055.556,17554.75693,0.963098883,LM_AR_DIFF
CR,1,1,T0_T3,c_Viruses,VP,190507.9365,571523.8095,NA,1,LM_AR_DIFF_LMER
CR,1,1,T0_T6,c_Viruses,VP,25812.9985,154877.991,95086.66679,0.068636758,LM_AR_DIFF_LMER
CR,1,1,T0_T9,c_Viruses,VP,77435.33546,696918.0191,51928.63755,0.526474814,LM_AR_DIFF_LMER
CR,1,1,T0_T12,c_Viruses,VP,89355.6606,1072267.927,30760.78429,0.737720755,LM_AR_DIFF_LMER
CR,1,1,T0_T24,c_Viruses,VP,91052.00881,2185248.211,13328.8089,0.92105089,LM_AR_DIFF_LMER
CR,2,1,T0_T3,c_Viruses,VP,62388.75918,187166.2775,NA,1,LM_AR_DIFF_LMER
CR,2,1,T0_T6,c_Viruses,VP,98022.8443,588137.0658,20573.34864,0.957807654,LM_AR_DIFF_LMER
CR,2,1,T0_T9,c_Viruses,VP,91751.18257,825760.6431,9887.556918,0.97730068,LM_AR_DIFF_LMER
CR,2,1,T0_T12,c_Viruses,VP,67961.4034,815536.8408,14874.10922,0.874354722,LM_AR_DIFF_LMER
CR,2,1,T0_T24,c_Viruses,VP,77091.25317,1850190.076,6959.05997,0.9684339,LM_AR_DIFF_LMER
CR,3,1,T0_T3,c_Viruses,VP,182682.0587,548046.176,NA,1,LM_AR_DIFF_LMER
CR,3,1,T0_T6,c_Viruses,VP,190721.9817,1144331.89,4641.851731,0.999407997,LM_AR_DIFF_LMER
CR,3,1,T0_T9,c_Viruses,VP,190899.8557,1718098.701,2078.437847,0.999762977,LM_AR_DIFF_LMER
CR,3,1,T0_T12,c_Viruses,VP,261296.8226,3135561.871,40661.41844,0.9322731,LM_AR_DIFF_LMER
CR,3,1,T0_T24,c_Viruses,VP,72286.28512,1734870.843,57333.10773,0.284391375,LM_AR_DIFF_LMER
CR,4,1,T0_T3,c_Viruses,VP,284571.4286,853714.2857,NA,1,LM_AR_DIFF_LMER
CR,4,1,T0_T6,c_Viruses,VP,291627.866,1749767.196,4074.036027,0.999804878,LM_AR_DIFF_LMER
CR,4,1,T0_T9,c_Viruses,VP,236919.224,2132273.016,31638.55332,0.965561627,LM_AR_DIFF_LMER
CR,4,1,T0_T12,c_Viruses,VP,254062.7866,3048753.439,20775.78555,0.980333464,LM_AR_DIFF_LMER
CR,4,1,T0_T24,c_Viruses,VP,107956.9444,2590966.667,43125.87386,0.610383454,LM_AR_DIFF_LMER
CR,5,1,T0_T3,c_Viruses,VP,150679.0123,452037.037,NA,1,LM_AR_DIFF_LMER
CR,5,1,T0_T6,c_Viruses,VP,242330.2469,1453981.481,52914.86495,0.954489532,LM_AR_DIFF_LMER
CR,5,1,T0_T12,c_Viruses,VP,205154.321,2461851.852,22907.33766,0.975671162,LM_AR_DIFF_LMER
CR,5,1,T0_T24,c_Viruses,VP,155335.6481,3728055.556,17554.75693,0.963098883,LM_AR_DIFF_LMER
CR,1,1,T0_T12,c_Viruses,VP,173097.717,1685172.604,35162.26076,NA,VPCL_SR_AVG
CR,1,1,T0_T24,c_Viruses,VP,141197.6269,2726630.938,23324.72886,NA,VPCL_SR_AVG
CR,1,1,T0_T3,c_Viruses,VP,190507.9365,571523.8095,23738.07268,NA,VPCL_SR_AVG
CR,1,1,T0_T6,c_Viruses,VP,177095.2381,670571.4286,29844.98879,NA,VPCL_SR_AVG
CR,1,1,T0_T9,c_Viruses,VP,221401.9097,1428928.732,60478.17677,NA,VPCL_SR_AVG
CR,2,1,T0_T12,c_Viruses,VP,862335.1748,10348022.1,56349.94508,NA,VPCL_SR_AVG
CR,2,1,T0_T24,c_Viruses,VP,775073.2147,15460326.59,46487.00205,NA,VPCL_SR_AVG
CR,2,1,T0_T3,c_Viruses,VP,635257.9445,1905773.834,30637.64556,NA,VPCL_SR_AVG
CR,2,1,T0_T6,c_Viruses,VP,755411.2729,4532467.637,47639.84839,NA,VPCL_SR_AVG
CR,2,1,T0_T9,c_Viruses,VP,835612.017,7520508.153,55298.53114,NA,VPCL_SR_AVG
CR,3,1,T0_T12,c_Viruses,VP,278196.425,3338357.1,13512.35969,NA,VPCL_SR_AVG
CR,3,1,T0_T24,c_Viruses,VP,278196.425,3338357.1,13512.35969,NA,VPCL_SR_AVG
CR,3,1,T0_T3,c_Viruses,VP,182682.0587,548046.176,31612.15597,NA,VPCL_SR_AVG
CR,3,1,T0_T6,c_Viruses,VP,190721.9817,1144331.89,25605.00298,NA,VPCL_SR_AVG
CR,3,1,T0_T9,c_Viruses,VP,190026.2947,1710236.652,6023.515342,NA,VPCL_SR_AVG
CR,4,1,T0_T12,c_Viruses,VP,306342.1316,3204464.165,63127.62607,NA,VPCL_SR_AVG
CR,4,1,T0_T24,c_Viruses,VP,275543.3001,3222519.721,92402.45805,NA,VPCL_SR_AVG
CR,4,1,T0_T3,c_Viruses,VP,284571.4286,853714.2857,93604.46527,NA,VPCL_SR_AVG
CR,4,1,T0_T6,c_Viruses,VP,291627.866,1749767.196,41963.4182,NA,VPCL_SR_AVG
CR,4,1,T0_T9,c_Viruses,VP,268059.8044,2072427.128,41988.70137,NA,VPCL_SR_AVG
CR,5,1,T0_T12,c_Viruses,VP,198549.3827,2382592.593,17818.68693,NA,VPCL_SR_AVG
CR,5,1,T0_T24,c_Viruses,VP,155131.1728,3723148.148,13808.93073,NA,VPCL_SR_AVG
CR,5,1,T0_T3,c_Viruses,VP,150679.0123,452037.037,57245.88924,NA,VPCL_SR_AVG
CR,5,1,T0_T6,c_Viruses,VP,242330.2469,1453981.481,50073.4331,NA,VPCL_SR_AVG
CR,1,1,T0_T3,c_Viruses,VP,190507.9365,571523.8095,NA,NA,VPCL_AR
CR,1,1,T0_T6,c_Viruses,VP,190507.9365,571523.8095,NA,NA,VPCL_AR
CR,1,1,T0_T9,c_Viruses,VP,221646.8521,1329881.113,NA,NA,VPCL_AR
CR,1,1,T0_T12,c_Viruses,VP,179804.0662,1586124.985,NA,NA,VPCL_AR
CR,1,1,T0_T24,c_Viruses,VP,152366.7324,2627583.319,NA,NA,VPCL_AR
CR,2,1,T0_T3,c_Viruses,VP,62388.75918,187166.2775,NA,NA,VPCL_AR
CR,2,1,T0_T6,c_Viruses,VP,98022.8443,588137.0658,NA,NA,VPCL_AR
CR,2,1,T0_T9,c_Viruses,VP,87094.98848,783854.8963,NA,NA,VPCL_AR
CR,2,1,T0_T12,c_Viruses,VP,87094.98848,783854.8963,NA,NA,VPCL_AR
CR,2,1,T0_T24,c_Viruses,VP,92605.4905,1961246.807,NA,NA,VPCL_AR
CR,3,1,T0_T3,c_Viruses,VP,182682.0587,548046.176,NA,NA,VPCL_AR
CR,3,1,T0_T6,c_Viruses,VP,190721.9817,1144331.89,NA,NA,VPCL_AR
CR,3,1,T0_T9,c_Viruses,VP,190026.2947,1710236.652,NA,NA,VPCL_AR
CR,3,1,T0_T12,c_Viruses,VP,278196.425,3338357.1,NA,NA,VPCL_AR
CR,3,1,T0_T24,c_Viruses,VP,278196.425,3338357.1,NA,NA,VPCL_AR
CR,4,1,T0_T3,c_Viruses,VP,284571.4286,853714.2857,NA,NA,VPCL_AR
CR,4,1,T0_T6,c_Viruses,VP,291627.866,1749767.196,NA,NA,VPCL_AR
CR,4,1,T0_T9,c_Viruses,VP,230056.4374,2070507.937,NA,NA,VPCL_AR
CR,4,1,T0_T12,c_Viruses,VP,266878.7478,3202544.974,NA,NA,VPCL_AR
CR,4,1,T0_T24,c_Viruses,VP,266878.7478,3202544.974,NA,NA,VPCL_AR
CR,5,1,T0_T3,c_Viruses,VP,150679.0123,452037.037,NA,NA,VPCL_AR
CR,5,1,T0_T6,c_Viruses,VP,242330.2469,1453981.481,NA,NA,VPCL_AR
CR,5,1,T0_T12,c_Viruses,VP,198549.3827,2382592.593,NA,NA,VPCL_AR
CR,5,1,T0_T24,c_Viruses,VP,155131.1728,3723148.148,NA,NA,VPCL_AR
CR,1,1,T0_T3,c_Viruses,VP,190507.9365,571523.8095,25410.96518,NA,VPCL_AR_SE
CR,1,1,T0_T6,c_Viruses,VP,190507.9365,571523.8095,25410.96518,NA,VPCL_AR_SE
CR,1,1,T0_T9,c_Viruses,VP,221646.8521,1329881.113,77117.31997,NA,VPCL_AR_SE
CR,1,1,T0_T12,c_Viruses,VP,179804.0662,1586124.985,47613.24411,NA,VPCL_AR_SE
CR,1,1,T0_T24,c_Viruses,VP,152366.7324,2627583.319,25480.34752,NA,VPCL_AR_SE
CR,2,1,T0_T3,c_Viruses,VP,0,0,0,NA,VPCL_AR_SE
CR,2,1,T0_T6,c_Viruses,VP,0,0,0,NA,VPCL_AR_SE
CR,2,1,T0_T9,c_Viruses,VP,0,0,0,NA,VPCL_AR_SE
CR,2,1,T0_T12,c_Viruses,VP,0,0,0,NA,VPCL_AR_SE
CR,2,1,T0_T24,c_Viruses,VP,0,0,0,NA,VPCL_AR_SE
CR,3,1,T0_T3,c_Viruses,VP,182682.0587,548046.176,39985.27893,NA,VPCL_AR_SE
CR,3,1,T0_T6,c_Viruses,VP,190721.9817,1144331.89,28710.25938,NA,VPCL_AR_SE
CR,3,1,T0_T9,c_Viruses,VP,190026.2947,1710236.652,14575.13591,NA,VPCL_AR_SE
CR,3,1,T0_T12,c_Viruses,VP,278196.425,3338357.1,15423.56275,NA,VPCL_AR_SE
CR,3,1,T0_T24,c_Viruses,VP,278196.425,3338357.1,15423.56275,NA,VPCL_AR_SE
CR,4,1,T0_T3,c_Viruses,VP,284571.4286,853714.2857,204021.5198,NA,VPCL_AR_SE
CR,4,1,T0_T6,c_Viruses,VP,291627.866,1749767.196,110848.2344,NA,VPCL_AR_SE
CR,4,1,T0_T9,c_Viruses,VP,291627.866,1749767.196,110848.2344,NA,VPCL_AR_SE
CR,4,1,T0_T12,c_Viruses,VP,334486.7725,2881804.233,204934.4349,NA,VPCL_AR_SE
CR,4,1,T0_T24,c_Viruses,VP,334486.7725,2881804.233,204934.4349,NA,VPCL_AR_SE
CR,5,1,T0_T3,c_Viruses,VP,150679.0123,452037.037,59505.94488,NA,VPCL_AR_SE
CR,5,1,T0_T6,c_Viruses,VP,242330.2469,1453981.481,60988.9885,NA,VPCL_AR_SE
CR,5,1,T0_T12,c_Viruses,VP,198549.3827,2382592.593,23474.76939,NA,VPCL_AR_SE
CR,5,1,T0_T24,c_Viruses,VP,155131.1728,3723148.148,17163.31362,NA,VPCL_AR_SE
CR,1,1,T0_T3,c_Viruses,VP,190507.9365,571523.8095,NA,NA,VPCL_AR_DIFF
CR,1,1,T0_T6,c_Viruses,VP,190507.9365,571523.8095,NA,NA,VPCL_AR_DIFF
CR,1,1,T0_T9,c_Viruses,VP,221646.8521,1329881.113,NA,NA,VPCL_AR_DIFF
CR,1,1,T0_T12,c_Viruses,VP,179804.0662,1586124.985,NA,NA,VPCL_AR_DIFF
CR,1,1,T0_T24,c_Viruses,VP,152366.7324,2627583.319,NA,NA,VPCL_AR_DIFF
CR,2,1,T0_T3,c_Viruses,VP,62388.75918,187166.2775,NA,NA,VPCL_AR_DIFF
CR,2,1,T0_T6,c_Viruses,VP,98022.8443,588137.0658,NA,NA,VPCL_AR_DIFF
CR,2,1,T0_T9,c_Viruses,VP,87094.98848,783854.8963,NA,NA,VPCL_AR_DIFF
CR,2,1,T0_T12,c_Viruses,VP,87094.98848,783854.8963,NA,NA,VPCL_AR_DIFF
CR,2,1,T0_T24,c_Viruses,VP,92605.4905,1961246.807,NA,NA,VPCL_AR_DIFF
CR,3,1,T0_T3,c_Viruses,VP,182682.0587,548046.176,NA,NA,VPCL_AR_DIFF
CR,3,1,T0_T6,c_Viruses,VP,190721.9817,1144331.89,NA,NA,VPCL_AR_DIFF
CR,3,1,T0_T9,c_Viruses,VP,190026.2947,1710236.652,NA,NA,VPCL_AR_DIFF
CR,3,1,T0_T12,c_Viruses,VP,278196.425,3338357.1,NA,NA,VPCL_AR_DIFF
CR,3,1,T0_T24,c_Viruses,VP,278196.425,3338357.1,NA,NA,VPCL_AR_DIFF
CR,4,1,T0_T3,c_Viruses,VP,284571.4286,853714.2857,NA,NA,VPCL_AR_DIFF
CR,4,1,T0_T6,c_Viruses,VP,291627.866,1749767.196,NA,NA,VPCL_AR_DIFF
CR,4,1,T0_T9,c_Viruses,VP,230056.4374,2070507.937,NA,NA,VPCL_AR_DIFF
CR,4,1,T0_T12,c_Viruses,VP,266878.7478,3202544.974,NA,NA,VPCL_AR_DIFF
CR,4,1,T0_T24,c_Viruses,VP,266878.7478,3202544.974,NA,NA,VPCL_AR_DIFF
CR,5,1,T0_T3,c_Viruses,VP,150679.0123,452037.037,NA,NA,VPCL_AR_DIFF
CR,5,1,T0_T6,c_Viruses,VP,242330.2469,1453981.481,NA,NA,VPCL_AR_DIFF
CR,5,1,T0_T12,c_Viruses,VP,198549.3827,2382592.593,NA,NA,VPCL_AR_DIFF
CR,5,1,T0_T24,c_Viruses,VP,155131.1728,3723148.148,NA,NA,VPCL_AR_DIFF
CR,1,1,T0_T3,c_Viruses,VP,190507.9365,571523.8095,25410.96518,NA,VPCL_AR_DIFF_SE
CR,1,1,T0_T6,c_Viruses,VP,190507.9365,571523.8095,25410.96518,NA,VPCL_AR_DIFF_SE
CR,1,1,T0_T9,c_Viruses,VP,221646.8521,1329881.113,77117.31997,NA,VPCL_AR_DIFF_SE
CR,1,1,T0_T12,c_Viruses,VP,179804.0662,1586124.985,47613.24411,NA,VPCL_AR_DIFF_SE
CR,1,1,T0_T24,c_Viruses,VP,152366.7324,2627583.319,25480.34752,NA,VPCL_AR_DIFF_SE
CR,2,1,T0_T3,c_Viruses,VP,0,0,0,NA,VPCL_AR_DIFF_SE
CR,2,1,T0_T6,c_Viruses,VP,0,0,0,NA,VPCL_AR_DIFF_SE
CR,2,1,T0_T9,c_Viruses,VP,0,0,0,NA,VPCL_AR_DIFF_SE
CR,2,1,T0_T12,c_Viruses,VP,0,0,0,NA,VPCL_AR_DIFF_SE
CR,2,1,T0_T24,c_Viruses,VP,0,0,0,NA,VPCL_AR_DIFF_SE
CR,3,1,T0_T3,c_Viruses,VP,182682.0587,548046.176,39985.27893,NA,VPCL_AR_DIFF_SE
CR,3,1,T0_T6,c_Viruses,VP,190721.9817,1144331.89,28710.25938,NA,VPCL_AR_DIFF_SE
CR,3,1,T0_T9,c_Viruses,VP,190026.2947,1710236.652,14575.13591,NA,VPCL_AR_DIFF_SE
CR,3,1,T0_T12,c_Viruses,VP,278196.425,3338357.1,15423.56275,NA,VPCL_AR_DIFF_SE
CR,3,1,T0_T24,c_Viruses,VP,278196.425,3338357.1,15423.56275,NA,VPCL_AR_DIFF_SE
CR,4,1,T0_T3,c_Viruses,VP,284571.4286,853714.2857,204021.5198,NA,VPCL_AR_DIFF_SE
CR,4,1,T0_T6,c_Viruses,VP,291627.866,1749767.196,110848.2344,NA,VPCL_AR_DIFF_SE
CR,4,1,T0_T9,c_Viruses,VP,291627.866,1749767.196,110848.2344,NA,VPCL_AR_DIFF_SE
CR,4,1,T0_T12,c_Viruses,VP,334486.7725,2881804.233,204934.4349,NA,VPCL_AR_DIFF_SE
CR,4,1,T0_T24,c_Viruses,VP,334486.7725,2881804.233,204934.4349,NA,VPCL_AR_DIFF_SE
CR,5,1,T0_T3,c_Viruses,VP,150679.0123,452037.037,59505.94488,NA,VPCL_AR_DIFF_SE
CR,5,1,T0_T6,c_Viruses,VP,242330.2469,1453981.481,60988.9885,NA,VPCL_AR_DIFF_SE
CR,5,1,T0_T12,c_Viruses,VP,198549.3827,2382592.593,23474.76939,NA,VPCL_AR_DIFF_SE
CR,5,1,T0_T24,c_Viruses,VP,155131.1728,3723148.148,17163.31362,NA,VPCL_AR_DIFF_SE
CR,1,1,T0_T3,c_Viruses,VP,190507.9365,571523.8095,NA,NA,VPCL_AR_DIFF_LMER
CR,1,1,T0_T6,c_Viruses,VP,190507.9365,571523.8095,NA,NA,VPCL_AR_DIFF_LMER
CR,1,1,T0_T9,c_Viruses,VP,221646.8521,1329881.113,NA,NA,VPCL_AR_DIFF_LMER
CR,1,1,T0_T12,c_Viruses,VP,179804.0662,1586124.985,NA,NA,VPCL_AR_DIFF_LMER
CR,1,1,T0_T24,c_Viruses,VP,152366.7324,2627583.319,NA,NA,VPCL_AR_DIFF_LMER
CR,2,1,T0_T3,c_Viruses,VP,62388.75918,187166.2775,NA,NA,VPCL_AR_DIFF_LMER
CR,2,1,T0_T6,c_Viruses,VP,98022.8443,588137.0658,NA,NA,VPCL_AR_DIFF_LMER
CR,2,1,T0_T9,c_Viruses,VP,87094.98848,783854.8963,NA,NA,VPCL_AR_DIFF_LMER
CR,2,1,T0_T12,c_Viruses,VP,87094.98848,783854.8963,NA,NA,VPCL_AR_DIFF_LMER
CR,2,1,T0_T24,c_Viruses,VP,92605.4905,1961246.807,NA,NA,VPCL_AR_DIFF_LMER
CR,3,1,T0_T3,c_Viruses,VP,182682.0587,548046.176,NA,NA,VPCL_AR_DIFF_LMER
CR,3,1,T0_T6,c_Viruses,VP,190721.9817,1144331.89,NA,NA,VPCL_AR_DIFF_LMER
CR,3,1,T0_T9,c_Viruses,VP,190026.2947,1710236.652,NA,NA,VPCL_AR_DIFF_LMER
CR,3,1,T0_T12,c_Viruses,VP,278196.425,3338357.1,NA,NA,VPCL_AR_DIFF_LMER
CR,3,1,T0_T24,c_Viruses,VP,278196.425,3338357.1,NA,NA,VPCL_AR_DIFF_LMER
CR,4,1,T0_T3,c_Viruses,VP,284571.4286,853714.2857,NA,NA,VPCL_AR_DIFF_LMER
CR,4,1,T0_T6,c_Viruses,VP,291627.866,1749767.196,NA,NA,VPCL_AR_DIFF_LMER
CR,4,1,T0_T9,c_Viruses,VP,230056.4374,2070507.937,NA,NA,VPCL_AR_DIFF_LMER
CR,4,1,T0_T12,c_Viruses,VP,266878.7478,3202544.974,NA,NA,VPCL_AR_DIFF_LMER
CR,4,1,T0_T24,c_Viruses,VP,266878.7478,3202544.974,NA,NA,VPCL_AR_DIFF_LMER
CR,5,1,T0_T3,c_Viruses,VP,150679.0123,452037.037,NA,NA,VPCL_AR_DIFF_LMER
CR,5,1,T0_T6,c_Viruses,VP,242330.2469,1453981.481,NA,NA,VPCL_AR_DIFF_LMER
CR,5,1,T0_T12,c_Viruses,VP,198549.3827,2382592.593,NA,NA,VPCL_AR_DIFF_LMER
CR,5,1,T0_T24,c_Viruses,VP,155131.1728,3723148.148,NA,NA,VPCL_AR_DIFF_LMER
CR,1,1,T0_T3,c_Viruses,VP,190507.9365,571523.8095,27142.6158,NA,VPCL_AR_DIFF_LMER_SE
CR,1,1,T0_T6,c_Viruses,VP,190507.9365,571523.8095,133898.0908,NA,VPCL_AR_DIFF_LMER_SE
CR,1,1,T0_T9,c_Viruses,VP,221646.8521,1329881.113,118104.1042,NA,VPCL_AR_DIFF_LMER_SE
CR,1,1,T0_T12,c_Viruses,VP,221646.8521,1329881.113,106658.7442,NA,VPCL_AR_DIFF_LMER_SE
CR,1,1,T0_T24,c_Viruses,VP,176693.9662,2371339.446,74723.21782,NA,VPCL_AR_DIFF_LMER_SE
CR,2,1,T0_T3,c_Viruses,VP,0,0,0,NA,VPCL_AR_DIFF_LMER_SE
CR,2,1,T0_T6,c_Viruses,VP,0,0,0,NA,VPCL_AR_DIFF_LMER_SE
CR,2,1,T0_T9,c_Viruses,VP,0,0,0,NA,VPCL_AR_DIFF_LMER_SE
CR,2,1,T0_T12,c_Viruses,VP,0,0,0,NA,VPCL_AR_DIFF_LMER_SE
CR,2,1,T0_T24,c_Viruses,VP,98115.99252,1177391.91,95069.36831,NA,VPCL_AR_DIFF_LMER_SE
CR,3,1,T0_T3,c_Viruses,VP,182682.0587,548046.176,46034.28778,NA,VPCL_AR_DIFF_LMER_SE
CR,3,1,T0_T6,c_Viruses,VP,190721.9817,1144331.89,27007.83331,NA,VPCL_AR_DIFF_LMER_SE
CR,3,1,T0_T9,c_Viruses,VP,190026.2947,1710236.652,36360.7078,NA,VPCL_AR_DIFF_LMER_SE
CR,3,1,T0_T12,c_Viruses,VP,278196.425,3338357.1,37481.73244,NA,VPCL_AR_DIFF_LMER_SE
CR,3,1,T0_T24,c_Viruses,VP,278196.425,3338357.1,38419.7441,NA,VPCL_AR_DIFF_LMER_SE
CR,4,1,T0_T3,c_Viruses,VP,284571.4286,853714.2857,202665.3096,NA,VPCL_AR_DIFF_LMER_SE
CR,4,1,T0_T6,c_Viruses,VP,291627.866,1749767.196,106145.5843,NA,VPCL_AR_DIFF_LMER_SE
CR,4,1,T0_T9,c_Viruses,VP,291627.866,1749767.196,120188.6046,NA,VPCL_AR_DIFF_LMER_SE
CR,4,1,T0_T12,c_Viruses,VP,334486.7725,2881804.233,209390.1965,NA,VPCL_AR_DIFF_LMER_SE
CR,4,1,T0_T24,c_Viruses,VP,377345.679,1132037.037,312779.9375,NA,VPCL_AR_DIFF_LMER_SE
CR,5,1,T0_T3,c_Viruses,VP,150679.0123,452037.037,71688.85306,NA,VPCL_AR_DIFF_LMER_SE
CR,5,1,T0_T6,c_Viruses,VP,242330.2469,1453981.481,56801.57383,NA,VPCL_AR_DIFF_LMER_SE
CR,5,1,T0_T12,c_Viruses,VP,198549.3827,2382592.593,32754.88087,NA,VPCL_AR_DIFF_LMER_SE
CR,5,1,T0_T24,c_Viruses,VP,155131.1728,3723148.148,18077.77053,NA,VPCL_AR_DIFF_LMER_SE
CR,1,1,T0_T3,c_Viruses,VPC,126285.7143,378857.1429,18767.86627,0.9188264,LM_ALLPOINTS
CR,1,1,T0_T6,c_Viruses,VPC,32648.58248,195891.4949,46644.519,0.065410896,LM_ALLPOINTS
CR,1,1,T0_T9,c_Viruses,VPC,85947.64367,773528.793,28896.72802,0.469397,LM_ALLPOINTS
CR,1,1,T0_T12,c_Viruses,VPC,83569.07096,1002828.852,17986.39234,0.624142033,LM_ALLPOINTS
CR,1,1,T0_T24,c_Viruses,VPC,49614.37147,1190744.915,9501.357546,0.630206542,LM_ALLPOINTS
CR,2,1,T0_T3,c_Viruses,VPC,33938.55864,101815.6759,76933.63915,0.019089029,LM_ALLPOINTS
CR,2,1,T0_T6,c_Viruses,VPC,49627.69622,297766.1773,51192.71482,0.055478387,LM_ALLPOINTS
CR,2,1,T0_T9,c_Viruses,VPC,81316.41254,731847.7129,42829.34809,0.140783963,LM_ALLPOINTS
CR,2,1,T0_T12,c_Viruses,VPC,74206.47176,890477.6611,34500.31242,0.141797691,LM_ALLPOINTS
CR,2,1,T0_T24,c_Viruses,VPC,49821.82749,1195723.86,20932.5844,0.142819349,LM_ALLPOINTS
CR,3,1,T0_T3,c_Viruses,VPC,208360.7504,625082.2511,36289.6703,0.891792353,LM_ALLPOINTS
CR,3,1,T0_T6,c_Viruses,VPC,232434.3434,1394606.061,18034.16131,0.959564438,LM_ALLPOINTS
CR,3,1,T0_T9,c_Viruses,VPC,254006.6378,2286059.74,29565.28615,0.880685098,LM_ALLPOINTS
CR,3,1,T0_T12,c_Viruses,VPC,416197.3625,4994368.35,53196.30055,0.824825913,LM_ALLPOINTS
CR,3,1,T0_T24,c_Viruses,VPC,291451.3472,6994832.332,30119.55311,0.854060305,LM_ALLPOINTS
CR,4,1,T0_T3,c_Viruses,VPC,241873.0159,725619.0476,137688.8968,0.435495921,LM_ALLPOINTS
CR,4,1,T0_T6,c_Viruses,VPC,284875.2205,1709251.323,59782.73548,0.764364481,LM_ALLPOINTS
CR,4,1,T0_T9,c_Viruses,VPC,473021.7973,4257196.176,69873.89653,0.820878913,LM_ALLPOINTS
CR,4,1,T0_T12,c_Viruses,VPC,468429.4051,5621152.861,49875.75576,0.871552003,LM_ALLPOINTS
CR,4,1,T0_T24,c_Viruses,VPC,252598.0944,6062354.266,41144.98723,0.701992989,LM_ALLPOINTS
CR,5,1,T0_T3,c_Viruses,VPC,-33834.21517,-101502.6455,53311.07279,0.091484921,LM_ALLPOINTS
CR,5,1,T0_T6,c_Viruses,VPC,121940.9171,731645.5026,43732.4905,0.526221048,LM_ALLPOINTS
CR,5,1,T0_T12,c_Viruses,VPC,154358.3774,1852300.529,23059.46906,0.817547028,LM_ALLPOINTS
CR,5,1,T0_T24,c_Viruses,VPC,106088.2055,2546116.931,12239.01207,0.852498773,LM_ALLPOINTS
CR,1,1,T0_T12,c_Viruses,VPC,83569.07096,1002828.852,3998.273938,0.676939331,LM_SR_AVG
CR,1,1,T0_T24,c_Viruses,VPC,49614.37147,1190744.915,2108.837316,0.664442339,LM_SR_AVG
CR,1,1,T0_T3,c_Viruses,VPC,126285.7143,378857.1429,26330.59201,1,LM_SR_AVG
CR,1,1,T0_T6,c_Viruses,VPC,32648.58248,195891.4949,56560.84595,0.409586035,LM_SR_AVG
CR,1,1,T0_T9,c_Viruses,VPC,85947.64367,773528.793,15353.87019,0.55563086,LM_SR_AVG
CR,2,1,T0_T12,c_Viruses,VPC,74206.47176,890477.6611,3199.593321,0.141932791,LM_SR_AVG
CR,2,1,T0_T24,c_Viruses,VPC,49821.82749,1195723.86,5743.979211,0.143283687,LM_SR_AVG
CR,2,1,T0_T3,c_Viruses,VPC,33938.55864,101815.6759,11999.61892,0.023245279,LM_SR_AVG
CR,2,1,T0_T6,c_Viruses,VPC,49627.69622,297766.1773,21126.10032,0.061729345,LM_SR_AVG
CR,2,1,T0_T9,c_Viruses,VPC,81316.41254,731847.7129,8385.20556,0.141460732,LM_SR_AVG
CR,3,1,T0_T12,c_Viruses,VPC,416197.3625,4994368.35,41160.99899,0.860109908,LM_SR_AVG
CR,3,1,T0_T24,c_Viruses,VPC,291451.3472,6994832.332,8328.795736,0.872612538,LM_SR_AVG
CR,3,1,T0_T3,c_Viruses,VPC,208360.7504,625082.2511,12156.16311,1,LM_SR_AVG
CR,3,1,T0_T6,c_Viruses,VPC,232434.3434,1394606.061,20624.44219,0.985918372,LM_SR_AVG
CR,3,1,T0_T9,c_Viruses,VPC,254006.6378,2286059.74,31872.3808,0.960027499,LM_SR_AVG
CR,4,1,T0_T12,c_Viruses,VPC,468429.4051,5621152.861,51688.51079,0.929964411,LM_SR_AVG
CR,4,1,T0_T24,c_Viruses,VPC,252598.0944,6062354.266,32867.51967,0.757992357,LM_SR_AVG
CR,4,1,T0_T3,c_Viruses,VPC,241873.0159,725619.0476,94898.19239,1,LM_SR_AVG
CR,4,1,T0_T6,c_Viruses,VPC,284875.2205,1709251.323,32206.06526,0.915584137,LM_SR_AVG
CR,4,1,T0_T9,c_Viruses,VPC,473021.7973,4257196.176,74307.79351,0.895162734,LM_SR_AVG
CR,5,1,T0_T12,c_Viruses,VPC,154358.3774,1852300.529,23338.87776,0.887042337,LM_SR_AVG
CR,5,1,T0_T24,c_Viruses,VPC,106088.2055,2546116.931,7295.985169,0.880404651,LM_SR_AVG
CR,5,1,T0_T3,c_Viruses,VPC,-33834.21517,-101502.6455,68289.67314,1,LM_SR_AVG
CR,5,1,T0_T6,c_Viruses,VPC,121940.9171,731645.5026,32007.80198,0.576914298,LM_SR_AVG
CR,1,1,T0_T3,c_Viruses,VPC,126285.7143,378857.1429,NA,1,LM_AR
CR,1,1,T0_T6,c_Viruses,VPC,32648.58248,195891.4949,54061.42325,0.267246313,LM_AR
CR,1,1,T0_T9,c_Viruses,VPC,85947.64367,773528.793,39133.84049,0.706895634,LM_AR
CR,1,1,T0_T12,c_Viruses,VPC,83569.07096,1002828.852,22635.62884,0.819606587,LM_AR
CR,1,1,T0_T24,c_Viruses,VPC,49614.37147,1190744.915,13861.6916,0.762060344,LM_AR
CR,2,1,T0_T3,c_Viruses,VPC,33938.55864,101815.6759,NA,1,LM_AR
CR,2,1,T0_T6,c_Viruses,VPC,49627.69622,297766.1773,9058.127804,0.967759907,LM_AR
CR,2,1,T0_T9,c_Viruses,VPC,81316.41254,731847.7129,18738.59253,0.903991066,LM_AR
CR,2,1,T0_T12,c_Viruses,VPC,74206.47176,890477.6611,11571.31666,0.932013097,LM_AR
CR,2,1,T0_T24,c_Viruses,VPC,49821.82749,1195723.86,8640.387033,0.892613315,LM_AR
CR,3,1,T0_T3,c_Viruses,VPC,208360.7504,625082.2511,NA,1,LM_AR
CR,3,1,T0_T6,c_Viruses,VPC,232434.3434,1394606.061,13898.89544,0.996437049,LM_AR
CR,3,1,T0_T9,c_Viruses,VPC,254006.6378,2286059.74,13919.66787,0.994029689,LM_AR
CR,3,1,T0_T12,c_Viruses,VPC,416197.3625,4994368.35,93985.0845,0.86731619,LM_AR
CR,3,1,T0_T24,c_Viruses,VPC,291451.3472,6994832.332,54341.71171,0.877918789,LM_AR
CR,4,1,T0_T3,c_Viruses,VPC,241873.0159,725619.0476,NA,1,LM_AR
CR,4,1,T0_T6,c_Viruses,VPC,284875.2205,1709251.323,24827.33439,0.992461852,LM_AR
CR,4,1,T0_T9,c_Viruses,VPC,473021.7973,4257196.176,109192.4483,0.903689802,LM_AR
CR,4,1,T0_T12,c_Viruses,VPC,468429.4051,5621152.861,63098.0212,0.948376751,LM_AR
CR,4,1,T0_T24,c_Viruses,VPC,252598.0944,6062354.266,68032.5996,0.775099091,LM_AR
CR,5,1,T0_T3,c_Viruses,VPC,-33834.21517,-101502.6455,NA,1,LM_AR
CR,5,1,T0_T6,c_Viruses,VPC,121940.9171,731645.5026,89936.81455,0.647680379,LM_AR
CR,5,1,T0_T12,c_Viruses,VPC,154358.3774,1852300.529,32864.91429,0.916872707,LM_AR
CR,5,1,T0_T24,c_Viruses,VPC,106088.2055,2546116.931,19364.46526,0.909129329,LM_AR
CR,1,1,T0_T3,c_Viruses,VPC,126285.7143,378857.1429,NA,1,LM_AR_DIFF
CR,1,1,T0_T6,c_Viruses,VPC,32648.58248,195891.4949,54061.42325,0.267246313,LM_AR_DIFF
CR,1,1,T0_T9,c_Viruses,VPC,85947.64367,773528.793,39133.84049,0.706895634,LM_AR_DIFF
CR,1,1,T0_T12,c_Viruses,VPC,83569.07096,1002828.852,22635.62884,0.819606587,LM_AR_DIFF
CR,1,1,T0_T24,c_Viruses,VPC,49614.37147,1190744.915,13861.6916,0.762060344,LM_AR_DIFF
CR,2,1,T0_T3,c_Viruses,VPC,33938.55864,101815.6759,NA,1,LM_AR_DIFF
CR,2,1,T0_T6,c_Viruses,VPC,49627.69622,297766.1773,9058.127804,0.967759907,LM_AR_DIFF
CR,2,1,T0_T9,c_Viruses,VPC,81316.41254,731847.7129,18738.59253,0.903991066,LM_AR_DIFF
CR,2,1,T0_T12,c_Viruses,VPC,74206.47176,890477.6611,11571.31666,0.932013097,LM_AR_DIFF
CR,2,1,T0_T24,c_Viruses,VPC,49821.82749,1195723.86,8640.387033,0.892613315,LM_AR_DIFF
CR,3,1,T0_T3,c_Viruses,VPC,208360.7504,625082.2511,NA,1,LM_AR_DIFF
CR,3,1,T0_T6,c_Viruses,VPC,232434.3434,1394606.061,13898.89544,0.996437049,LM_AR_DIFF
CR,3,1,T0_T9,c_Viruses,VPC,254006.6378,2286059.74,13919.66787,0.994029689,LM_AR_DIFF
CR,3,1,T0_T12,c_Viruses,VPC,416197.3625,4994368.35,93985.0845,0.86731619,LM_AR_DIFF
CR,3,1,T0_T24,c_Viruses,VPC,291451.3472,6994832.332,54341.71171,0.877918789,LM_AR_DIFF
CR,4,1,T0_T3,c_Viruses,VPC,241873.0159,725619.0476,NA,1,LM_AR_DIFF
CR,4,1,T0_T6,c_Viruses,VPC,284875.2205,1709251.323,24827.33439,0.992461852,LM_AR_DIFF
CR,4,1,T0_T9,c_Viruses,VPC,473021.7973,4257196.176,109192.4483,0.903689802,LM_AR_DIFF
CR,4,1,T0_T12,c_Viruses,VPC,468429.4051,5621152.861,63098.0212,0.948376751,LM_AR_DIFF
CR,4,1,T0_T24,c_Viruses,VPC,252598.0944,6062354.266,68032.5996,0.775099091,LM_AR_DIFF
CR,5,1,T0_T3,c_Viruses,VPC,-33834.21517,-101502.6455,NA,1,LM_AR_DIFF
CR,5,1,T0_T6,c_Viruses,VPC,121940.9171,731645.5026,89936.81455,0.647680379,LM_AR_DIFF
CR,5,1,T0_T12,c_Viruses,VPC,154358.3774,1852300.529,32864.91429,0.916872707,LM_AR_DIFF
CR,5,1,T0_T24,c_Viruses,VPC,106088.2055,2546116.931,19364.46526,0.909129329,LM_AR_DIFF
CR,1,1,T0_T3,c_Viruses,VPC,126285.7143,378857.1429,NA,1,LM_AR_DIFF_LMER
CR,1,1,T0_T6,c_Viruses,VPC,32648.58248,195891.4949,54061.42325,0.267246313,LM_AR_DIFF_LMER
CR,1,1,T0_T9,c_Viruses,VPC,85947.64367,773528.793,39133.84049,0.706895634,LM_AR_DIFF_LMER
CR,1,1,T0_T12,c_Viruses,VPC,83569.07096,1002828.852,22635.62884,0.819606587,LM_AR_DIFF_LMER
CR,1,1,T0_T24,c_Viruses,VPC,49614.37147,1190744.915,13861.6916,0.762060344,LM_AR_DIFF_LMER
CR,2,1,T0_T3,c_Viruses,VPC,33938.55864,101815.6759,NA,1,LM_AR_DIFF_LMER
CR,2,1,T0_T6,c_Viruses,VPC,49627.69622,297766.1773,9058.127804,0.967759907,LM_AR_DIFF_LMER
CR,2,1,T0_T9,c_Viruses,VPC,81316.41254,731847.7129,18738.59253,0.903991066,LM_AR_DIFF_LMER
CR,2,1,T0_T12,c_Viruses,VPC,74206.47176,890477.6611,11571.31666,0.932013097,LM_AR_DIFF_LMER
CR,2,1,T0_T24,c_Viruses,VPC,49821.82749,1195723.86,8640.387033,0.892613315,LM_AR_DIFF_LMER
CR,3,1,T0_T3,c_Viruses,VPC,208360.7504,625082.2511,NA,1,LM_AR_DIFF_LMER
CR,3,1,T0_T6,c_Viruses,VPC,232434.3434,1394606.061,13898.89544,0.996437049,LM_AR_DIFF_LMER
CR,3,1,T0_T9,c_Viruses,VPC,254006.6378,2286059.74,13919.66787,0.994029689,LM_AR_DIFF_LMER
CR,3,1,T0_T12,c_Viruses,VPC,416197.3625,4994368.35,93985.0845,0.86731619,LM_AR_DIFF_LMER
CR,3,1,T0_T24,c_Viruses,VPC,291451.3472,6994832.332,54341.71171,0.877918789,LM_AR_DIFF_LMER
CR,4,1,T0_T3,c_Viruses,VPC,241873.0159,725619.0476,NA,1,LM_AR_DIFF_LMER
CR,4,1,T0_T6,c_Viruses,VPC,284875.2205,1709251.323,24827.33439,0.992461852,LM_AR_DIFF_LMER
CR,4,1,T0_T9,c_Viruses,VPC,473021.7973,4257196.176,109192.4483,0.903689802,LM_AR_DIFF_LMER
CR,4,1,T0_T12,c_Viruses,VPC,468429.4051,5621152.861,63098.0212,0.948376751,LM_AR_DIFF_LMER
CR,4,1,T0_T24,c_Viruses,VPC,252598.0944,6062354.266,68032.5996,0.775099091,LM_AR_DIFF_LMER
CR,5,1,T0_T3,c_Viruses,VPC,-33834.21517,-101502.6455,NA,1,LM_AR_DIFF_LMER
CR,5,1,T0_T6,c_Viruses,VPC,121940.9171,731645.5026,89936.81455,0.647680379,LM_AR_DIFF_LMER
CR,5,1,T0_T12,c_Viruses,VPC,154358.3774,1852300.529,32864.91429,0.916872707,LM_AR_DIFF_LMER
CR,5,1,T0_T24,c_Viruses,VPC,106088.2055,2546116.931,19364.46526,0.909129329,LM_AR_DIFF_LMER
CR,1,1,T0_T12,c_Viruses,VPC,165486.6998,1339753.813,62091.94995,NA,VPCL_SR_AVG
CR,1,1,T0_T24,c_Viruses,VPC,106667.7875,1541941.313,43740.85528,NA,VPCL_SR_AVG
CR,1,1,T0_T3,c_Viruses,VPC,126285.7143,378857.1429,26330.59201,NA,VPCL_SR_AVG
CR,1,1,T0_T6,c_Viruses,VPC,127380.9524,527619.0476,26681.81259,NA,VPCL_SR_AVG
CR,1,1,T0_T9,c_Viruses,VPC,191434.0506,1252192.539,52641.8975,NA,VPCL_SR_AVG
CR,2,1,T0_T12,c_Viruses,VPC,527105.7518,6325269.021,13338.45869,NA,VPCL_SR_AVG
CR,2,1,T0_T24,c_Viruses,VPC,470467.0915,9252218.427,11919.34001,NA,VPCL_SR_AVG
CR,2,1,T0_T3,c_Viruses,VPC,273837.5689,821512.7067,21370.16313,NA,VPCL_SR_AVG
CR,2,1,T0_T6,c_Viruses,VPC,342045.4814,2052272.889,25670.55631,NA,VPCL_SR_AVG
CR,2,1,T0_T9,c_Viruses,VPC,464851.4484,4183663.036,17577.40267,NA,VPCL_SR_AVG
CR,3,1,T0_T12,c_Viruses,VPC,451143.5285,5413722.342,39047.43885,NA,VPCL_SR_AVG
CR,3,1,T0_T24,c_Viruses,VPC,268376.749,6441041.976,4060.741471,NA,VPCL_SR_AVG
CR,3,1,T0_T3,c_Viruses,VPC,208360.7504,625082.2511,12156.16311,NA,VPCL_SR_AVG
CR,3,1,T0_T6,c_Viruses,VPC,232434.3434,1394606.061,20624.44219,NA,VPCL_SR_AVG
CR,3,1,T0_T9,c_Viruses,VPC,253728.7157,2283558.442,39588.28501,NA,VPCL_SR_AVG
CR,4,1,T0_T12,c_Viruses,VPC,432340.0272,5188080.326,43539.57421,NA,VPCL_SR_AVG
CR,4,1,T0_T24,c_Viruses,VPC,235701.5035,5656836.084,30301.57854,NA,VPCL_SR_AVG
CR,4,1,T0_T3,c_Viruses,VPC,241873.0159,725619.0476,94898.19239,NA,VPCL_SR_AVG
CR,4,1,T0_T6,c_Viruses,VPC,284875.2205,1709251.323,32206.06526,NA,VPCL_SR_AVG
CR,4,1,T0_T9,c_Viruses,VPC,489148.9498,4402340.548,68441.6418,NA,VPCL_SR_AVG
CR,5,1,T0_T12,c_Viruses,VPC,190907.1869,1889589.947,25937.09713,NA,VPCL_SR_AVG
CR,5,1,T0_T24,c_Viruses,VPC,115564.925,2518571.429,12387.55232,NA,VPCL_SR_AVG
CR,5,1,T0_T3,c_Viruses,VPC,34122.57496,102367.7249,34122.57496,NA,VPCL_SR_AVG
CR,5,1,T0_T6,c_Viruses,VPC,251752.6455,935515.873,41627.36294,NA,VPCL_SR_AVG
CR,1,1,T0_T3,c_Viruses,VPC,126285.7143,378857.1429,NA,NA,VPCL_AR
CR,1,1,T0_T6,c_Viruses,VPC,126285.7143,378857.1429,NA,NA,VPCL_AR
CR,1,1,T0_T9,c_Viruses,VPC,183905.1057,1103430.634,NA,NA,VPCL_AR
CR,1,1,T0_T12,c_Viruses,VPC,128712.9111,1165697.791,NA,NA,VPCL_AR
CR,1,1,T0_T24,c_Viruses,VPC,90615.86125,1367885.291,NA,NA,VPCL_AR
CR,2,1,T0_T3,c_Viruses,VPC,33938.55864,101815.6759,NA,NA,VPCL_AR
CR,2,1,T0_T6,c_Viruses,VPC,49627.69622,297766.1773,NA,NA,VPCL_AR
CR,2,1,T0_T9,c_Viruses,VPC,83094.14351,747847.2916,NA,NA,VPCL_AR
CR,2,1,T0_T12,c_Viruses,VPC,65840.10571,790081.2685,NA,NA,VPCL_AR
CR,2,1,T0_T24,c_Viruses,VPC,47416.12966,1137987.112,NA,NA,VPCL_AR
CR,3,1,T0_T3,c_Viruses,VPC,208360.7504,625082.2511,NA,NA,VPCL_AR
CR,3,1,T0_T6,c_Viruses,VPC,232434.3434,1394606.061,NA,NA,VPCL_AR
CR,3,1,T0_T9,c_Viruses,VPC,253728.7157,2283558.442,NA,NA,VPCL_AR
CR,3,1,T0_T12,c_Viruses,VPC,451143.5285,5413722.342,NA,NA,VPCL_AR
CR,3,1,T0_T24,c_Viruses,VPC,268376.749,6441041.976,NA,NA,VPCL_AR
CR,4,1,T0_T3,c_Viruses,VPC,241873.0159,725619.0476,NA,NA,VPCL_AR
CR,4,1,T0_T6,c_Viruses,VPC,284875.2205,1709251.323,NA,NA,VPCL_AR
CR,4,1,T0_T9,c_Viruses,VPC,489148.9498,4402340.548,NA,NA,VPCL_AR
CR,4,1,T0_T12,c_Viruses,VPC,432340.0272,5188080.326,NA,NA,VPCL_AR
CR,4,1,T0_T24,c_Viruses,VPC,235701.5035,5656836.084,NA,NA,VPCL_AR
CR,5,1,T0_T3,c_Viruses,VPC,0,0,NA,NA,VPCL_AR
CR,5,1,T0_T6,c_Viruses,VPC,277716.0494,833148.1481,NA,NA,VPCL_AR
CR,5,1,T0_T12,c_Viruses,VPC,198580.2469,1787222.222,NA,NA,VPCL_AR
CR,5,1,T0_T24,c_Viruses,VPC,115057.3192,2416203.704,NA,NA,VPCL_AR
CR,1,1,T0_T3,c_Viruses,VPC,126285.7143,378857.1429,26330.82126,NA,VPCL_AR_SE
CR,1,1,T0_T6,c_Viruses,VPC,126285.7143,378857.1429,26330.82126,NA,VPCL_AR_SE
CR,1,1,T0_T9,c_Viruses,VPC,183905.1057,1103430.634,82925.63124,NA,VPCL_AR_SE
CR,1,1,T0_T12,c_Viruses,VPC,183905.1057,1103430.634,82925.63124,NA,VPCL_AR_SE
CR,1,1,T0_T24,c_Viruses,VPC,128219.7232,1305618.134,57312.11364,NA,VPCL_AR_SE
CR,2,1,T0_T3,c_Viruses,VPC,0,0,0,NA,VPCL_AR_SE
CR,2,1,T0_T6,c_Viruses,VPC,0,0,0,NA,VPCL_AR_SE
CR,2,1,T0_T9,c_Viruses,VPC,0,0,0,NA,VPCL_AR_SE
CR,2,1,T0_T12,c_Viruses,VPC,0,0,0,NA,VPCL_AR_SE
CR,2,1,T0_T24,c_Viruses,VPC,0,0,0,NA,VPCL_AR_SE
CR,3,1,T0_T3,c_Viruses,VPC,208360.7504,625082.2511,49861.42934,NA,VPCL_AR_SE
CR,3,1,T0_T6,c_Viruses,VPC,232434.3434,1394606.061,23269.71718,NA,VPCL_AR_SE
CR,3,1,T0_T9,c_Viruses,VPC,253728.7157,2283558.442,51989.469,NA,VPCL_AR_SE
CR,3,1,T0_T12,c_Viruses,VPC,451143.5285,5413722.342,48415.70042,NA,VPCL_AR_SE
CR,3,1,T0_T24,c_Viruses,VPC,268376.749,6441041.976,8750.305042,NA,VPCL_AR_SE
CR,4,1,T0_T3,c_Viruses,VPC,241873.0159,725619.0476,171142.5237,NA,VPCL_AR_SE
CR,4,1,T0_T6,c_Viruses,VPC,284875.2205,1709251.323,56454.64248,NA,VPCL_AR_SE
CR,4,1,T0_T9,c_Viruses,VPC,489148.9498,4402340.548,78058.83143,NA,VPCL_AR_SE
CR,4,1,T0_T12,c_Viruses,VPC,489148.9498,4402340.548,78058.83143,NA,VPCL_AR_SE
CR,4,1,T0_T24,c_Viruses,VPC,489148.9498,4402340.548,78058.83143,NA,VPCL_AR_SE
CR,5,1,T0_T3,c_Viruses,VPC,0,0,0,NA,VPCL_AR_SE
CR,5,1,T0_T6,c_Viruses,VPC,277716.0494,833148.1481,98744.51292,NA,VPCL_AR_SE
CR,5,1,T0_T12,c_Viruses,VPC,198580.2469,1787222.222,47148.4768,NA,VPCL_AR_SE
CR,5,1,T0_T24,c_Viruses,VPC,115057.3192,2416203.704,14357.86682,NA,VPCL_AR_SE
CR,1,1,T0_T3,c_Viruses,VPC,126285.7143,378857.1429,NA,NA,VPCL_AR_DIFF
CR,1,1,T0_T6,c_Viruses,VPC,126285.7143,378857.1429,NA,NA,VPCL_AR_DIFF
CR,1,1,T0_T9,c_Viruses,VPC,183905.1057,1103430.634,NA,NA,VPCL_AR_DIFF
CR,1,1,T0_T12,c_Viruses,VPC,128712.9111,1165697.791,NA,NA,VPCL_AR_DIFF
CR,1,1,T0_T24,c_Viruses,VPC,90615.86125,1367885.291,NA,NA,VPCL_AR_DIFF
CR,2,1,T0_T3,c_Viruses,VPC,33938.55864,101815.6759,NA,NA,VPCL_AR_DIFF
CR,2,1,T0_T6,c_Viruses,VPC,49627.69622,297766.1773,NA,NA,VPCL_AR_DIFF
CR,2,1,T0_T9,c_Viruses,VPC,83094.14351,747847.2916,NA,NA,VPCL_AR_DIFF
CR,2,1,T0_T12,c_Viruses,VPC,65840.10571,790081.2685,NA,NA,VPCL_AR_DIFF
CR,2,1,T0_T24,c_Viruses,VPC,47416.12966,1137987.112,NA,NA,VPCL_AR_DIFF
CR,3,1,T0_T3,c_Viruses,VPC,208360.7504,625082.2511,NA,NA,VPCL_AR_DIFF
CR,3,1,T0_T6,c_Viruses,VPC,232434.3434,1394606.061,NA,NA,VPCL_AR_DIFF
CR,3,1,T0_T9,c_Viruses,VPC,253728.7157,2283558.442,NA,NA,VPCL_AR_DIFF
CR,3,1,T0_T12,c_Viruses,VPC,451143.5285,5413722.342,NA,NA,VPCL_AR_DIFF
CR,3,1,T0_T24,c_Viruses,VPC,268376.749,6441041.976,NA,NA,VPCL_AR_DIFF
CR,4,1,T0_T3,c_Viruses,VPC,241873.0159,725619.0476,NA,NA,VPCL_AR_DIFF
CR,4,1,T0_T6,c_Viruses,VPC,284875.2205,1709251.323,NA,NA,VPCL_AR_DIFF
CR,4,1,T0_T9,c_Viruses,VPC,489148.9498,4402340.548,NA,NA,VPCL_AR_DIFF
CR,4,1,T0_T12,c_Viruses,VPC,432340.0272,5188080.326,NA,NA,VPCL_AR_DIFF
CR,4,1,T0_T24,c_Viruses,VPC,235701.5035,5656836.084,NA,NA,VPCL_AR_DIFF
CR,5,1,T0_T3,c_Viruses,VPC,0,0,NA,NA,VPCL_AR_DIFF
CR,5,1,T0_T6,c_Viruses,VPC,277716.0494,833148.1481,NA,NA,VPCL_AR_DIFF
CR,5,1,T0_T12,c_Viruses,VPC,198580.2469,1787222.222,NA,NA,VPCL_AR_DIFF
CR,5,1,T0_T24,c_Viruses,VPC,115057.3192,2416203.704,NA,NA,VPCL_AR_DIFF
CR,1,1,T0_T3,c_Viruses,VPC,126285.7143,378857.1429,26330.82126,NA,VPCL_AR_DIFF_SE
CR,1,1,T0_T6,c_Viruses,VPC,126285.7143,378857.1429,26330.82126,NA,VPCL_AR_DIFF_SE
CR,1,1,T0_T9,c_Viruses,VPC,183905.1057,1103430.634,82925.63124,NA,VPCL_AR_DIFF_SE
CR,1,1,T0_T12,c_Viruses,VPC,183905.1057,1103430.634,82925.63124,NA,VPCL_AR_DIFF_SE
CR,1,1,T0_T24,c_Viruses,VPC,128219.7232,1305618.134,57312.11364,NA,VPCL_AR_DIFF_SE
CR,2,1,T0_T3,c_Viruses,VPC,0,0,0,NA,VPCL_AR_DIFF_SE
CR,2,1,T0_T6,c_Viruses,VPC,0,0,0,NA,VPCL_AR_DIFF_SE
CR,2,1,T0_T9,c_Viruses,VPC,0,0,0,NA,VPCL_AR_DIFF_SE
CR,2,1,T0_T12,c_Viruses,VPC,0,0,0,NA,VPCL_AR_DIFF_SE
CR,2,1,T0_T24,c_Viruses,VPC,0,0,0,NA,VPCL_AR_DIFF_SE
CR,3,1,T0_T3,c_Viruses,VPC,208360.7504,625082.2511,49861.42934,NA,VPCL_AR_DIFF_SE
CR,3,1,T0_T6,c_Viruses,VPC,232434.3434,1394606.061,23269.71718,NA,VPCL_AR_DIFF_SE
CR,3,1,T0_T9,c_Viruses,VPC,253728.7157,2283558.442,51989.469,NA,VPCL_AR_DIFF_SE
CR,3,1,T0_T12,c_Viruses,VPC,451143.5285,5413722.342,48415.70042,NA,VPCL_AR_DIFF_SE
CR,3,1,T0_T24,c_Viruses,VPC,268376.749,6441041.976,8750.305042,NA,VPCL_AR_DIFF_SE
CR,4,1,T0_T3,c_Viruses,VPC,241873.0159,725619.0476,171142.5237,NA,VPCL_AR_DIFF_SE
CR,4,1,T0_T6,c_Viruses,VPC,284875.2205,1709251.323,56454.64248,NA,VPCL_AR_DIFF_SE
CR,4,1,T0_T9,c_Viruses,VPC,489148.9498,4402340.548,78058.83143,NA,VPCL_AR_DIFF_SE
CR,4,1,T0_T12,c_Viruses,VPC,489148.9498,4402340.548,78058.83143,NA,VPCL_AR_DIFF_SE
CR,4,1,T0_T24,c_Viruses,VPC,489148.9498,4402340.548,78058.83143,NA,VPCL_AR_DIFF_SE
CR,5,1,T0_T3,c_Viruses,VPC,0,0,0,NA,VPCL_AR_DIFF_SE
CR,5,1,T0_T6,c_Viruses,VPC,277716.0494,833148.1481,98744.51292,NA,VPCL_AR_DIFF_SE
CR,5,1,T0_T12,c_Viruses,VPC,198580.2469,1787222.222,47148.4768,NA,VPCL_AR_DIFF_SE
CR,5,1,T0_T24,c_Viruses,VPC,115057.3192,2416203.704,14357.86682,NA,VPCL_AR_DIFF_SE
CR,1,1,T0_T3,c_Viruses,VPC,126285.7143,378857.1429,NA,NA,VPCL_AR_DIFF_LMER
CR,1,1,T0_T6,c_Viruses,VPC,126285.7143,378857.1429,NA,NA,VPCL_AR_DIFF_LMER
CR,1,1,T0_T9,c_Viruses,VPC,183905.1057,1103430.634,NA,NA,VPCL_AR_DIFF_LMER
CR,1,1,T0_T12,c_Viruses,VPC,128712.9111,1165697.791,NA,NA,VPCL_AR_DIFF_LMER
CR,1,1,T0_T24,c_Viruses,VPC,90615.86125,1367885.291,NA,NA,VPCL_AR_DIFF_LMER
CR,2,1,T0_T3,c_Viruses,VPC,33938.55864,101815.6759,NA,NA,VPCL_AR_DIFF_LMER
CR,2,1,T0_T6,c_Viruses,VPC,49627.69622,297766.1773,NA,NA,VPCL_AR_DIFF_LMER
CR,2,1,T0_T9,c_Viruses,VPC,83094.14351,747847.2916,NA,NA,VPCL_AR_DIFF_LMER
CR,2,1,T0_T12,c_Viruses,VPC,65840.10571,790081.2685,NA,NA,VPCL_AR_DIFF_LMER
CR,2,1,T0_T24,c_Viruses,VPC,47416.12966,1137987.112,NA,NA,VPCL_AR_DIFF_LMER
CR,3,1,T0_T3,c_Viruses,VPC,208360.7504,625082.2511,NA,NA,VPCL_AR_DIFF_LMER
CR,3,1,T0_T6,c_Viruses,VPC,232434.3434,1394606.061,NA,NA,VPCL_AR_DIFF_LMER
CR,3,1,T0_T9,c_Viruses,VPC,253728.7157,2283558.442,NA,NA,VPCL_AR_DIFF_LMER
CR,3,1,T0_T12,c_Viruses,VPC,451143.5285,5413722.342,NA,NA,VPCL_AR_DIFF_LMER
CR,3,1,T0_T24,c_Viruses,VPC,268376.749,6441041.976,NA,NA,VPCL_AR_DIFF_LMER
CR,4,1,T0_T3,c_Viruses,VPC,241873.0159,725619.0476,NA,NA,VPCL_AR_DIFF_LMER
CR,4,1,T0_T6,c_Viruses,VPC,284875.2205,1709251.323,NA,NA,VPCL_AR_DIFF_LMER
CR,4,1,T0_T9,c_Viruses,VPC,489148.9498,4402340.548,NA,NA,VPCL_AR_DIFF_LMER
CR,4,1,T0_T12,c_Viruses,VPC,432340.0272,5188080.326,NA,NA,VPCL_AR_DIFF_LMER
CR,4,1,T0_T24,c_Viruses,VPC,235701.5035,5656836.084,NA,NA,VPCL_AR_DIFF_LMER
CR,5,1,T0_T3,c_Viruses,VPC,0,0,NA,NA,VPCL_AR_DIFF_LMER
CR,5,1,T0_T6,c_Viruses,VPC,277716.0494,833148.1481,NA,NA,VPCL_AR_DIFF_LMER
CR,5,1,T0_T12,c_Viruses,VPC,198580.2469,1787222.222,NA,NA,VPCL_AR_DIFF_LMER
CR,5,1,T0_T24,c_Viruses,VPC,115057.3192,2416203.704,NA,NA,VPCL_AR_DIFF_LMER
CR,1,1,T0_T3,c_Viruses,VPC,126285.7143,378857.1429,27142.6158,NA,VPCL_AR_DIFF_LMER_SE
CR,1,1,T0_T6,c_Viruses,VPC,0,0,0,NA,VPCL_AR_DIFF_LMER_SE
CR,1,1,T0_T9,c_Viruses,VPC,183905.1057,1103430.634,118104.1042,NA,VPCL_AR_DIFF_LMER_SE
CR,1,1,T0_T12,c_Viruses,VPC,183905.1057,1103430.634,106658.7442,NA,VPCL_AR_DIFF_LMER_SE
CR,1,1,T0_T24,c_Viruses,VPC,183905.1057,1103430.634,99630.95709,NA,VPCL_AR_DIFF_LMER_SE
CR,2,1,T0_T3,c_Viruses,VPC,0,0,0,NA,VPCL_AR_DIFF_LMER_SE
CR,2,1,T0_T6,c_Viruses,VPC,0,0,0,NA,VPCL_AR_DIFF_LMER_SE
CR,2,1,T0_T9,c_Viruses,VPC,0,0,0,NA,VPCL_AR_DIFF_LMER_SE
CR,2,1,T0_T12,c_Viruses,VPC,0,0,0,NA,VPCL_AR_DIFF_LMER_SE
CR,2,1,T0_T24,c_Viruses,VPC,0,0,0,NA,VPCL_AR_DIFF_LMER_SE
CR,3,1,T0_T3,c_Viruses,VPC,208360.7504,625082.2511,46034.28778,NA,VPCL_AR_DIFF_LMER_SE
CR,3,1,T0_T6,c_Viruses,VPC,232434.3434,1394606.061,27007.83331,NA,VPCL_AR_DIFF_LMER_SE
CR,3,1,T0_T9,c_Viruses,VPC,253728.7157,2283558.442,36360.7078,NA,VPCL_AR_DIFF_LMER_SE
CR,3,1,T0_T12,c_Viruses,VPC,451143.5285,5413722.342,37481.73244,NA,VPCL_AR_DIFF_LMER_SE
CR,3,1,T0_T24,c_Viruses,VPC,268376.749,6441041.976,19209.87205,NA,VPCL_AR_DIFF_LMER_SE
CR,4,1,T0_T3,c_Viruses,VPC,241873.0159,725619.0476,202665.3096,NA,VPCL_AR_DIFF_LMER_SE
CR,4,1,T0_T6,c_Viruses,VPC,284875.2205,1709251.323,106145.5843,NA,VPCL_AR_DIFF_LMER_SE
CR,4,1,T0_T9,c_Viruses,VPC,489148.9498,4402340.548,80125.73643,NA,VPCL_AR_DIFF_LMER_SE
CR,4,1,T0_T12,c_Viruses,VPC,612786.9168,3676721.501,139593.4643,NA,VPCL_AR_DIFF_LMER_SE
CR,4,1,T0_T24,c_Viruses,VPC,612786.9168,3676721.501,156389.9688,NA,VPCL_AR_DIFF_LMER_SE
CR,5,1,T0_T3,c_Viruses,VPC,0,0,0,NA,VPCL_AR_DIFF_LMER_SE
CR,5,1,T0_T6,c_Viruses,VPC,277716.0494,833148.1481,113603.1477,NA,VPCL_AR_DIFF_LMER_SE
CR,5,1,T0_T12,c_Viruses,VPC,198580.2469,1787222.222,43673.17449,NA,VPCL_AR_DIFF_LMER_SE
CR,5,1,T0_T24,c_Viruses,VPC,115057.3192,2416203.704,20660.30918,NA,VPCL_AR_DIFF_LMER_SE
CR,1,1,T0_T12,c_Viruses,Diff,-5786.589636,-69439.07563,27823.39427,NA,LM_ALLPOINTS
CR,1,1,T0_T24,c_Viruses,Diff,-41437.63733,-994503.296,13620.21408,NA,LM_ALLPOINTS
CR,1,1,T0_T3,c_Viruses,Diff,-64222.22222,-192666.6667,27142.6158,NA,LM_ALLPOINTS
CR,1,1,T0_T6,c_Viruses,Diff,6835.583985,41013.50391,74505.18784,NA,LM_ALLPOINTS
CR,1,1,T0_T9,c_Viruses,Diff,8512.308207,76610.77386,44288.76304,NA,LM_ALLPOINTS
CR,2,1,T0_T12,c_Viruses,Diff,6245.06836,74940.82031,65802.21229,NA,LM_ALLPOINTS
CR,2,1,T0_T24,c_Viruses,Diff,-27269.42567,-654466.2161,40118.00533,NA,LM_ALLPOINTS
CR,2,1,T0_T3,c_Viruses,Diff,-28450.20054,-85350.60162,210612.942,NA,LM_ALLPOINTS
CR,2,1,T0_T6,c_Viruses,Diff,-48395.14809,-290370.8885,122091.7375,NA,LM_ALLPOINTS
CR,2,1,T0_T9,c_Viruses,Diff,-10434.77003,-93912.93027,87470.5359,NA,LM_ALLPOINTS
CR,3,1,T0_T12,c_Viruses,Diff,154900.5399,1858806.479,57310.68043,NA,LM_ALLPOINTS
CR,3,1,T0_T24,c_Viruses,Diff,219165.0621,5259961.489,42207.08742,NA,LM_ALLPOINTS
CR,3,1,T0_T3,c_Viruses,Diff,25678.69168,77036.07504,46034.28773,NA,LM_ALLPOINTS
CR,3,1,T0_T6,c_Viruses,Diff,41712.36171,250274.1703,25610.44554,NA,LM_ALLPOINTS
CR,3,1,T0_T9,c_Viruses,Diff,63106.78211,567961.039,31488.54051,NA,LM_ALLPOINTS
CR,4,1,T0_T12,c_Viruses,Diff,214366.6185,2572399.422,63374.13401,NA,LM_ALLPOINTS
CR,4,1,T0_T24,c_Viruses,Diff,144641.15,3471387.599,50390.84208,NA,LM_ALLPOINTS
CR,4,1,T0_T3,c_Viruses,Diff,-42698.4127,-128095.2381,202665.3091,NA,LM_ALLPOINTS
CR,4,1,T0_T6,c_Viruses,Diff,-6752.645503,-40515.87302,98730.73162,NA,LM_ALLPOINTS
CR,4,1,T0_T9,c_Viruses,Diff,236102.5734,2124923.16,84895.78305,NA,LM_ALLPOINTS
CR,5,1,T0_T12,c_Viruses,Diff,-50795.94356,-609551.3228,33252.1646,NA,LM_ALLPOINTS
CR,5,1,T0_T24,c_Viruses,Diff,-49247.44268,-1181938.624,18941.00621,NA,LM_ALLPOINTS
CR,5,1,T0_T3,c_Viruses,Diff,-184513.2275,-553539.6825,71688.85306,NA,LM_ALLPOINTS
CR,5,1,T0_T6,c_Viruses,Diff,-120389.3298,-722335.9788,65734.4535,NA,LM_ALLPOINTS
CR,1,1,T0_T12,c_Viruses,Diff,-5786.589636,-69439.07563,6099.967333,NA,LM_SR_AVG
CR,1,1,T0_T24,c_Viruses,Diff,-41437.63733,-994503.296,3151.259071,NA,LM_SR_AVG
CR,1,1,T0_T3,c_Viruses,Diff,-64222.22222,-192666.6667,35451.32114,NA,LM_SR_AVG
CR,1,1,T0_T6,c_Viruses,Diff,6835.583985,41013.50391,80459.42321,NA,LM_SR_AVG
CR,1,1,T0_T9,c_Viruses,Diff,8512.308207,76610.77386,19270.24676,NA,LM_SR_AVG
CR,2,1,T0_T12,c_Viruses,Diff,6245.06836,74940.82031,15258.26085,NA,LM_SR_AVG
CR,2,1,T0_T24,c_Viruses,Diff,-27269.42567,-654466.2161,13452.48895,NA,LM_SR_AVG
CR,2,1,T0_T3,c_Viruses,Diff,-28450.20054,-85350.60162,70727.93521,NA,LM_SR_AVG
CR,2,1,T0_T6,c_Viruses,Diff,-48395.14809,-290370.8885,36828.71123,NA,LM_SR_AVG
CR,2,1,T0_T9,c_Viruses,Diff,-10434.77003,-93912.93027,14807.63969,NA,LM_SR_AVG
CR,3,1,T0_T12,c_Viruses,Diff,154900.5399,1858806.479,42258.01104,NA,LM_SR_AVG
CR,3,1,T0_T24,c_Viruses,Diff,219165.0621,5259961.489,17445.51324,NA,LM_SR_AVG
CR,3,1,T0_T3,c_Viruses,Diff,25678.69168,77036.07504,33868.87519,NA,LM_SR_AVG
CR,3,1,T0_T6,c_Viruses,Diff,41712.36171,250274.1703,32878.31798,NA,LM_SR_AVG
CR,3,1,T0_T9,c_Viruses,Diff,63106.78211,567961.039,32612.96298,NA,LM_SR_AVG
CR,4,1,T0_T12,c_Viruses,Diff,214366.6185,2572399.422,59322.85113,NA,LM_SR_AVG
CR,4,1,T0_T24,c_Viruses,Diff,144641.15,3471387.599,34823.91819,NA,LM_SR_AVG
CR,4,1,T0_T3,c_Viruses,Diff,-42698.4127,-128095.2381,133294.6467,NA,LM_SR_AVG
CR,4,1,T0_T6,c_Viruses,Diff,-6752.645503,-40515.87302,52897.62855,NA,LM_SR_AVG
CR,4,1,T0_T9,c_Viruses,Diff,236102.5734,2124923.16,76255.12831,NA,LM_SR_AVG
CR,5,1,T0_T12,c_Viruses,Diff,-50795.94356,-609551.3228,32364.40232,NA,LM_SR_AVG
CR,5,1,T0_T24,c_Viruses,Diff,-49247.44268,-1181938.624,17343.64295,NA,LM_SR_AVG
CR,5,1,T0_T3,c_Viruses,Diff,-184513.2275,-553539.6825,89109.88325,NA,LM_SR_AVG
CR,5,1,T0_T6,c_Viruses,Diff,-120389.3298,-722335.9788,59429.35378,NA,LM_SR_AVG
CR,1,1,T0_T12,c_Viruses,Diff,-5786.589636,-69439.07563,38191.58995,NA,LM_AR
CR,1,1,T0_T24,c_Viruses,Diff,-41437.63733,-994503.296,19230.27926,NA,LM_AR
CR,1,1,T0_T3,c_Viruses,Diff,-64222.22222,-192666.6667,NA,NA,LM_AR
CR,1,1,T0_T6,c_Viruses,Diff,6835.583985,41013.50391,109380.5819,NA,LM_AR
CR,1,1,T0_T9,c_Viruses,Diff,8512.308207,76610.77386,65023.38709,NA,LM_AR
CR,2,1,T0_T12,c_Viruses,Diff,6245.06836,74940.82031,18845.01245,NA,LM_AR
CR,2,1,T0_T24,c_Viruses,Diff,-27269.42567,-654466.2161,11094.3591,NA,LM_AR
CR,2,1,T0_T3,c_Viruses,Diff,-28450.20054,-85350.60162,NA,NA,LM_AR
CR,2,1,T0_T6,c_Viruses,Diff,-48395.14809,-290370.8885,22479.15375,NA,LM_AR
CR,2,1,T0_T9,c_Viruses,Diff,-10434.77003,-93912.93027,21187.22803,NA,LM_AR
CR,3,1,T0_T12,c_Viruses,Diff,154900.5399,1858806.479,102403.843,NA,LM_AR
CR,3,1,T0_T24,c_Viruses,Diff,219165.0621,5259961.489,78994.3471,NA,LM_AR
CR,3,1,T0_T3,c_Viruses,Diff,25678.69168,77036.07504,NA,NA,LM_AR
CR,3,1,T0_T6,c_Viruses,Diff,41712.36171,250274.1703,14653.53479,NA,LM_AR
CR,3,1,T0_T9,c_Viruses,Diff,63106.78211,567961.039,14073.98514,NA,LM_AR
CR,4,1,T0_T12,c_Viruses,Diff,214366.6185,2572399.422,66430.36613,NA,LM_AR
CR,4,1,T0_T24,c_Viruses,Diff,144641.15,3471387.599,80549.83305,NA,LM_AR
CR,4,1,T0_T3,c_Viruses,Diff,-42698.4127,-128095.2381,NA,NA,LM_AR
CR,4,1,T0_T6,c_Viruses,Diff,-6752.645503,-40515.87302,25159.37803,NA,LM_AR
CR,4,1,T0_T9,c_Viruses,Diff,236102.5734,2124923.16,113683.7228,NA,LM_AR
CR,5,1,T0_T12,c_Viruses,Diff,-50795.94356,-609551.3228,40060.56303,NA,LM_AR
CR,5,1,T0_T24,c_Viruses,Diff,-49247.44268,-1181938.624,26137.17669,NA,LM_AR
CR,5,1,T0_T3,c_Viruses,Diff,-184513.2275,-553539.6825,NA,NA,LM_AR
CR,5,1,T0_T6,c_Viruses,Diff,-120389.3298,-722335.9788,104348.5196,NA,LM_AR
CR,1,1,T0_T3,c_Viruses,Diff,-64222.22222,-192666.6667,NA,1,LM_AR_DIFF
CR,1,1,T0_T6,c_Viruses,Diff,6835.583985,41013.50391,41025.24354,0.027011979,LM_AR_DIFF
CR,1,1,T0_T9,c_Viruses,Diff,8512.308207,76610.77386,18372.56804,0.096927613,LM_AR_DIFF
CR,1,1,T0_T12,c_Viruses,Diff,-5786.589636,-69439.07563,13441.35082,0.058184097,LM_AR_DIFF
CR,1,1,T0_T24,c_Viruses,Diff,-41437.63733,-994503.296,11823.36847,0.754346332,LM_AR_DIFF
CR,2,1,T0_T3,c_Viruses,Diff,-28450.20054,-85350.60162,NA,1,LM_AR_DIFF
CR,2,1,T0_T6,c_Viruses,Diff,-48395.14809,-290370.8885,11515.22084,0.94641742,LM_AR_DIFF
CR,2,1,T0_T9,c_Viruses,Diff,-10434.77003,-93912.93027,22513.333,0.096994392,LM_AR_DIFF
CR,2,1,T0_T12,c_Viruses,Diff,6245.06836,74940.82031,16176.80615,0.047327255,LM_AR_DIFF
CR,2,1,T0_T24,c_Viruses,Diff,-27269.42567,-654466.2161,11944.3909,0.565794825,LM_AR_DIFF
CR,3,1,T0_T3,c_Viruses,Diff,25678.69168,77036.07504,NA,1,LM_AR_DIFF
CR,3,1,T0_T6,c_Viruses,Diff,41712.36171,250274.1703,9257.04371,0.953060801,LM_AR_DIFF
CR,3,1,T0_T9,c_Viruses,Diff,63106.78211,567961.039,13027.36785,0.921463855,LM_AR_DIFF
CR,3,1,T0_T12,c_Viruses,Diff,154900.5399,1858806.479,53528.20529,0.736243921,LM_AR_DIFF
CR,3,1,T0_T24,c_Viruses,Diff,219165.0621,5259961.489,29688.35844,0.931620085,LM_AR_DIFF
CR,4,1,T0_T3,c_Viruses,Diff,-42698.4127,-128095.2381,NA,1,LM_AR_DIFF
CR,4,1,T0_T6,c_Viruses,Diff,-6752.645503,-40515.87302,20753.29837,0.095734725,LM_AR_DIFF
CR,4,1,T0_T9,c_Viruses,Diff,236102.5734,2124923.16,140519.3664,0.58533051,LM_AR_DIFF
CR,4,1,T0_T12,c_Viruses,Diff,214366.6185,2572399.422,82093.73515,0.694457003,LM_AR_DIFF
CR,4,1,T0_T24,c_Viruses,Diff,144641.15,3471387.599,40850.59057,0.758115384,LM_AR_DIFF
CR,5,1,T0_T3,c_Viruses,Diff,-184513.2275,-553539.6825,NA,1,LM_AR_DIFF
CR,5,1,T0_T6,c_Viruses,Diff,-120389.3298,-722335.9788,37021.9496,0.91360274,LM_AR_DIFF
CR,5,1,T0_T12,c_Viruses,Diff,-50795.94356,-609551.3228,29566.19317,0.596095554,LM_AR_DIFF
CR,5,1,T0_T24,c_Viruses,Diff,-49247.44268,-1181938.624,11300.68291,0.86358331,LM_AR_DIFF
CR,1,1,T0_T3,c_Viruses,Diff,-64222.22222,-192666.6667,NA,1,LM_AR_DIFF_LMER
CR,1,1,T0_T6,c_Viruses,Diff,6835.583985,41013.50391,41025.24354,0.027011979,LM_AR_DIFF_LMER
CR,1,1,T0_T9,c_Viruses,Diff,8512.308207,76610.77386,18372.56804,0.096927613,LM_AR_DIFF_LMER
CR,1,1,T0_T12,c_Viruses,Diff,-5786.589636,-69439.07563,13441.35082,0.058184097,LM_AR_DIFF_LMER
CR,1,1,T0_T24,c_Viruses,Diff,-41437.63733,-994503.296,11823.36847,0.754346332,LM_AR_DIFF_LMER
CR,2,1,T0_T3,c_Viruses,Diff,-28450.20054,-85350.60162,NA,1,LM_AR_DIFF_LMER
CR,2,1,T0_T6,c_Viruses,Diff,-48395.14809,-290370.8885,11515.22084,0.94641742,LM_AR_DIFF_LMER
CR,2,1,T0_T9,c_Viruses,Diff,-10434.77003,-93912.93027,22513.333,0.096994392,LM_AR_DIFF_LMER
CR,2,1,T0_T12,c_Viruses,Diff,6245.06836,74940.82031,16176.80615,0.047327255,LM_AR_DIFF_LMER
CR,2,1,T0_T24,c_Viruses,Diff,-27269.42567,-654466.2161,11944.3909,0.565794825,LM_AR_DIFF_LMER
CR,3,1,T0_T3,c_Viruses,Diff,25678.69168,77036.07504,NA,1,LM_AR_DIFF_LMER
CR,3,1,T0_T6,c_Viruses,Diff,41712.36171,250274.1703,9257.04371,0.953060801,LM_AR_DIFF_LMER
CR,3,1,T0_T9,c_Viruses,Diff,63106.78211,567961.039,13027.36785,0.921463855,LM_AR_DIFF_LMER
CR,3,1,T0_T12,c_Viruses,Diff,154900.5399,1858806.479,53528.20529,0.736243921,LM_AR_DIFF_LMER
CR,3,1,T0_T24,c_Viruses,Diff,219165.0621,5259961.489,29688.35844,0.931620085,LM_AR_DIFF_LMER
CR,4,1,T0_T3,c_Viruses,Diff,-42698.4127,-128095.2381,NA,1,LM_AR_DIFF_LMER
CR,4,1,T0_T6,c_Viruses,Diff,-6752.645503,-40515.87302,20753.29837,0.095734725,LM_AR_DIFF_LMER
CR,4,1,T0_T9,c_Viruses,Diff,236102.5734,2124923.16,140519.3664,0.58533051,LM_AR_DIFF_LMER
CR,4,1,T0_T12,c_Viruses,Diff,214366.6185,2572399.422,82093.73515,0.694457003,LM_AR_DIFF_LMER
CR,4,1,T0_T24,c_Viruses,Diff,144641.15,3471387.599,40850.59057,0.758115384,LM_AR_DIFF_LMER
CR,5,1,T0_T3,c_Viruses,Diff,-184513.2275,-553539.6825,NA,1,LM_AR_DIFF_LMER
CR,5,1,T0_T6,c_Viruses,Diff,-120389.3298,-722335.9788,37021.9496,0.91360274,LM_AR_DIFF_LMER
CR,5,1,T0_T12,c_Viruses,Diff,-50795.94356,-609551.3228,29566.19317,0.596095554,LM_AR_DIFF_LMER
CR,5,1,T0_T24,c_Viruses,Diff,-49247.44268,-1181938.624,11300.68291,0.86358331,LM_AR_DIFF_LMER
CR,1,1,T0_T12,c_Viruses,Diff,-7611.017261,-345418.791,NA,NA,VPCL_SR_AVG
CR,1,1,T0_T24,c_Viruses,Diff,-34529.83939,-1184689.624,NA,NA,VPCL_SR_AVG
CR,1,1,T0_T3,c_Viruses,Diff,-64222.22222,-192666.6667,NA,NA,VPCL_SR_AVG
CR,1,1,T0_T6,c_Viruses,Diff,-49714.28571,-142952.381,NA,NA,VPCL_SR_AVG
CR,1,1,T0_T9,c_Viruses,Diff,-29967.85912,-176736.193,NA,NA,VPCL_SR_AVG
CR,2,1,T0_T12,c_Viruses,Diff,-335229.4231,-4022753.077,NA,NA,VPCL_SR_AVG
CR,2,1,T0_T24,c_Viruses,Diff,-304606.1232,-6208108.161,NA,NA,VPCL_SR_AVG
CR,2,1,T0_T3,c_Viruses,Diff,-361420.3756,-1084261.127,NA,NA,VPCL_SR_AVG
CR,2,1,T0_T6,c_Viruses,Diff,-413365.7915,-2480194.749,NA,NA,VPCL_SR_AVG
CR,2,1,T0_T9,c_Viruses,Diff,-370760.5685,-3336845.117,NA,NA,VPCL_SR_AVG
CR,3,1,T0_T12,c_Viruses,Diff,172947.1035,2075365.242,NA,NA,VPCL_SR_AVG
CR,3,1,T0_T24,c_Viruses,Diff,-9819.676024,3102684.876,NA,NA,VPCL_SR_AVG
CR,3,1,T0_T3,c_Viruses,Diff,25678.69168,77036.07504,NA,NA,VPCL_SR_AVG
CR,3,1,T0_T6,c_Viruses,Diff,41712.36171,250274.1703,NA,NA,VPCL_SR_AVG
CR,3,1,T0_T9,c_Viruses,Diff,63702.42104,573321.7893,NA,NA,VPCL_SR_AVG
CR,4,1,T0_T12,c_Viruses,Diff,125997.8955,1983616.16,NA,NA,VPCL_SR_AVG
CR,4,1,T0_T24,c_Viruses,Diff,-39841.79656,2434316.363,NA,NA,VPCL_SR_AVG
CR,4,1,T0_T3,c_Viruses,Diff,-42698.4127,-128095.2381,NA,NA,VPCL_SR_AVG
CR,4,1,T0_T6,c_Viruses,Diff,-6752.645503,-40515.87302,NA,NA,VPCL_SR_AVG
CR,4,1,T0_T9,c_Viruses,Diff,221089.1454,2329913.42,NA,NA,VPCL_SR_AVG
CR,5,1,T0_T12,c_Viruses,Diff,-7642.195767,-493002.6455,NA,NA,VPCL_SR_AVG
CR,5,1,T0_T24,c_Viruses,Diff,-39566.2478,-1204576.72,NA,NA,VPCL_SR_AVG
CR,5,1,T0_T3,c_Viruses,Diff,-116556.4374,-349669.3122,NA,NA,VPCL_SR_AVG
CR,5,1,T0_T6,c_Viruses,Diff,9422.398589,-518465.6085,NA,NA,VPCL_SR_AVG
CR,1,1,T0_T12,c_Viruses,Diff,-51091.15509,-420427.1944,NA,NA,VPCL_AR
CR,1,1,T0_T24,c_Viruses,Diff,-61750.87114,-1259698.028,NA,NA,VPCL_AR
CR,1,1,T0_T3,c_Viruses,Diff,-64222.22222,-192666.6667,NA,NA,VPCL_AR
CR,1,1,T0_T6,c_Viruses,Diff,-64222.22222,-192666.6667,NA,NA,VPCL_AR
CR,1,1,T0_T9,c_Viruses,Diff,-37741.74645,-226450.4787,NA,NA,VPCL_AR
CR,2,1,T0_T12,c_Viruses,Diff,-21254.88277,6226.372234,NA,NA,VPCL_AR
CR,2,1,T0_T24,c_Viruses,Diff,-45189.36083,-823259.6946,NA,NA,VPCL_AR
CR,2,1,T0_T3,c_Viruses,Diff,-28450.20054,-85350.60162,NA,NA,VPCL_AR
CR,2,1,T0_T6,c_Viruses,Diff,-48395.14809,-290370.8885,NA,NA,VPCL_AR
CR,2,1,T0_T9,c_Viruses,Diff,-4000.844962,-36007.60466,NA,NA,VPCL_AR
CR,3,1,T0_T12,c_Viruses,Diff,172947.1035,2075365.242,NA,NA,VPCL_AR
CR,3,1,T0_T24,c_Viruses,Diff,-9819.676024,3102684.876,NA,NA,VPCL_AR
CR,3,1,T0_T3,c_Viruses,Diff,25678.69168,77036.07504,NA,NA,VPCL_AR
CR,3,1,T0_T6,c_Viruses,Diff,41712.36171,250274.1703,NA,NA,VPCL_AR
CR,3,1,T0_T9,c_Viruses,Diff,63702.42104,573321.7893,NA,NA,VPCL_AR
CR,4,1,T0_T12,c_Viruses,Diff,165461.2794,1985535.352,NA,NA,VPCL_AR
CR,4,1,T0_T24,c_Viruses,Diff,-31177.24429,2454291.111,NA,NA,VPCL_AR
CR,4,1,T0_T3,c_Viruses,Diff,-42698.4127,-128095.2381,NA,NA,VPCL_AR
CR,4,1,T0_T6,c_Viruses,Diff,-6752.645503,-40515.87302,NA,NA,VPCL_AR
CR,4,1,T0_T9,c_Viruses,Diff,259092.5124,2331832.612,NA,NA,VPCL_AR
CR,5,1,T0_T12,c_Viruses,Diff,30.86419753,-595370.3704,NA,NA,VPCL_AR
CR,5,1,T0_T24,c_Viruses,Diff,-40073.85362,-1306944.444,NA,NA,VPCL_AR
CR,5,1,T0_T3,c_Viruses,Diff,-150679.0123,-452037.037,NA,NA,VPCL_AR
CR,5,1,T0_T6,c_Viruses,Diff,35385.80247,-620833.3333,NA,NA,VPCL_AR
CR,1,1,T0_T12,c_Viruses,Diff,4101.039431,-482694.3512,95622.59843,NA,VPCL_AR_SE
CR,1,1,T0_T24,c_Viruses,Diff,-24147.00918,-1321965.185,62721.02104,NA,VPCL_AR_SE
CR,1,1,T0_T3,c_Viruses,Diff,-64222.22222,-192666.6667,36592.74928,NA,VPCL_AR_SE
CR,1,1,T0_T6,c_Viruses,Diff,-64222.22222,-192666.6667,36592.74928,NA,VPCL_AR_SE
CR,1,1,T0_T9,c_Viruses,Diff,-37741.74645,-226450.4787,113241.9593,NA,VPCL_AR_SE
CR,2,1,T0_T12,c_Viruses,Diff,0,0,0,NA,VPCL_AR_SE
CR,2,1,T0_T24,c_Viruses,Diff,0,0,0,NA,VPCL_AR_SE
CR,2,1,T0_T3,c_Viruses,Diff,0,0,0,NA,VPCL_AR_SE
CR,2,1,T0_T6,c_Viruses,Diff,0,0,0,NA,VPCL_AR_SE
CR,2,1,T0_T9,c_Viruses,Diff,0,0,0,NA,VPCL_AR_SE
CR,3,1,T0_T12,c_Viruses,Diff,172947.1035,2075365.242,50813.0528,NA,VPCL_AR_SE
CR,3,1,T0_T24,c_Viruses,Diff,-9819.676024,3102684.876,17732.85443,NA,VPCL_AR_SE
CR,3,1,T0_T3,c_Viruses,Diff,25678.69168,77036.07504,63913.88477,NA,VPCL_AR_SE
CR,3,1,T0_T6,c_Viruses,Diff,41712.36171,250274.1703,36956.17312,NA,VPCL_AR_SE
CR,3,1,T0_T9,c_Viruses,Diff,63702.42104,573321.7893,53993.88367,NA,VPCL_AR_SE
CR,4,1,T0_T12,c_Viruses,Diff,154662.1773,1520536.316,219297.2954,NA,VPCL_AR_SE
CR,4,1,T0_T24,c_Viruses,Diff,154662.1773,1520536.316,219297.2954,NA,VPCL_AR_SE
CR,4,1,T0_T3,c_Viruses,Diff,-42698.4127,-128095.2381,266297.8482,NA,VPCL_AR_SE
CR,4,1,T0_T6,c_Viruses,Diff,-6752.645503,-40515.87302,124396.3734,NA,VPCL_AR_SE
CR,4,1,T0_T9,c_Viruses,Diff,197521.0839,2652573.353,135574.7478,NA,VPCL_AR_SE
CR,5,1,T0_T12,c_Viruses,Diff,30.86419753,-595370.3704,52669.19082,NA,VPCL_AR_SE
CR,5,1,T0_T24,c_Viruses,Diff,-40073.85362,-1306944.444,22376.94515,NA,VPCL_AR_SE
CR,5,1,T0_T3,c_Viruses,Diff,-150679.0123,-452037.037,59505.94488,NA,VPCL_AR_SE
CR,5,1,T0_T6,c_Viruses,Diff,35385.80247,-620833.3333,116060.9131,NA,VPCL_AR_SE
CR,1,1,T0_T3,c_Viruses,Diff,0,0,NA,NA,VPCL_AR_DIFF
CR,1,1,T0_T6,c_Viruses,Diff,77893.39019,233680.1706,NA,NA,VPCL_AR_DIFF
CR,1,1,T0_T9,c_Viruses,Diff,77893.39019,233680.1706,NA,NA,VPCL_AR_DIFF
CR,1,1,T0_T12,c_Viruses,Diff,77893.39019,233680.1706,NA,NA,VPCL_AR_DIFF
CR,1,1,T0_T24,c_Viruses,Diff,77893.39019,233680.1706,NA,NA,VPCL_AR_DIFF
CR,2,1,T0_T3,c_Viruses,Diff,0,0,NA,NA,VPCL_AR_DIFF
CR,2,1,T0_T6,c_Viruses,Diff,0,0,NA,NA,VPCL_AR_DIFF
CR,2,1,T0_T9,c_Viruses,Diff,84787.76129,254363.2839,NA,NA,VPCL_AR_DIFF
CR,2,1,T0_T12,c_Viruses,Diff,59895.90257,359375.4154,NA,NA,VPCL_AR_DIFF
CR,2,1,T0_T24,c_Viruses,Diff,59895.90257,359375.4154,NA,NA,VPCL_AR_DIFF
CR,3,1,T0_T3,c_Viruses,Diff,25678.69168,77036.07504,NA,NA,VPCL_AR_DIFF
CR,3,1,T0_T6,c_Viruses,Diff,41712.36171,250274.1703,NA,NA,VPCL_AR_DIFF
CR,3,1,T0_T9,c_Viruses,Diff,63702.42104,573321.7893,NA,NA,VPCL_AR_DIFF
CR,3,1,T0_T12,c_Viruses,Diff,172947.1035,2075365.242,NA,NA,VPCL_AR_DIFF
CR,3,1,T0_T24,c_Viruses,Diff,205239.9044,4925757.705,NA,NA,VPCL_AR_DIFF
CR,4,1,T0_T3,c_Viruses,Diff,0,0,NA,NA,VPCL_AR_DIFF
CR,4,1,T0_T6,c_Viruses,Diff,29193.12169,87579.36508,NA,NA,VPCL_AR_DIFF
CR,4,1,T0_T9,c_Viruses,Diff,409987.975,2459927.85,NA,NA,VPCL_AR_DIFF
CR,4,1,T0_T12,c_Viruses,Diff,409987.975,2459927.85,NA,NA,VPCL_AR_DIFF
CR,4,1,T0_T24,c_Viruses,Diff,247885.8169,3489331.756,NA,NA,VPCL_AR_DIFF
CR,5,1,T0_T3,c_Viruses,Diff,0,0,NA,NA,VPCL_AR_DIFF
CR,5,1,T0_T6,c_Viruses,Diff,0,0,NA,NA,VPCL_AR_DIFF
CR,5,1,T0_T12,c_Viruses,Diff,4243.82716,25462.96296,NA,NA,VPCL_AR_DIFF
CR,5,1,T0_T24,c_Viruses,Diff,4243.82716,25462.96296,NA,NA,VPCL_AR_DIFF
CR,1,1,T0_T3,c_Viruses,Diff,0,0,0,NA,VPCL_AR_DIFF_SE
CR,1,1,T0_T6,c_Viruses,Diff,0,0,0,NA,VPCL_AR_DIFF_SE
CR,1,1,T0_T9,c_Viruses,Diff,0,0,0,NA,VPCL_AR_DIFF_SE
CR,1,1,T0_T12,c_Viruses,Diff,0,0,0,NA,VPCL_AR_DIFF_SE
CR,1,1,T0_T24,c_Viruses,Diff,0,0,0,NA,VPCL_AR_DIFF_SE
CR,2,1,T0_T3,c_Viruses,Diff,0,0,0,NA,VPCL_AR_DIFF_SE
CR,2,1,T0_T6,c_Viruses,Diff,0,0,0,NA,VPCL_AR_DIFF_SE
CR,2,1,T0_T9,c_Viruses,Diff,0,0,0,NA,VPCL_AR_DIFF_SE
CR,2,1,T0_T12,c_Viruses,Diff,0,0,0,NA,VPCL_AR_DIFF_SE
CR,2,1,T0_T24,c_Viruses,Diff,0,0,0,NA,VPCL_AR_DIFF_SE
CR,3,1,T0_T3,c_Viruses,Diff,0,0,0,NA,VPCL_AR_DIFF_SE
CR,3,1,T0_T6,c_Viruses,Diff,0,0,0,NA,VPCL_AR_DIFF_SE
CR,3,1,T0_T9,c_Viruses,Diff,0,0,0,NA,VPCL_AR_DIFF_SE
CR,3,1,T0_T12,c_Viruses,Diff,500681.1507,1502043.452,379726.3078,NA,VPCL_AR_DIFF_SE
CR,3,1,T0_T24,c_Viruses,Diff,290162.3944,4352435.916,64581.69167,NA,VPCL_AR_DIFF_SE
CR,4,1,T0_T3,c_Viruses,Diff,0,0,0,NA,VPCL_AR_DIFF_SE
CR,4,1,T0_T6,c_Viruses,Diff,0,0,0,NA,VPCL_AR_DIFF_SE
CR,4,1,T0_T9,c_Viruses,Diff,790782.8283,2372348.485,513621.0358,NA,VPCL_AR_DIFF_SE
CR,4,1,T0_T12,c_Viruses,Diff,790782.8283,2372348.485,513621.0358,NA,VPCL_AR_DIFF_SE
CR,4,1,T0_T24,c_Viruses,Diff,790782.8283,2372348.485,513621.0358,NA,VPCL_AR_DIFF_SE
CR,5,1,T0_T3,c_Viruses,Diff,0,0,0,NA,VPCL_AR_DIFF_SE
CR,5,1,T0_T6,c_Viruses,Diff,0,0,0,NA,VPCL_AR_DIFF_SE
CR,5,1,T0_T12,c_Viruses,Diff,0,0,0,NA,VPCL_AR_DIFF_SE
CR,5,1,T0_T24,c_Viruses,Diff,0,0,0,NA,VPCL_AR_DIFF_SE
CR,1,1,T0_T3,c_Viruses,Diff,0,0,NA,NA,VPCL_AR_DIFF_LMER
CR,1,1,T0_T6,c_Viruses,Diff,77893.39019,233680.1706,NA,NA,VPCL_AR_DIFF_LMER
CR,1,1,T0_T9,c_Viruses,Diff,77893.39019,233680.1706,NA,NA,VPCL_AR_DIFF_LMER
CR,1,1,T0_T12,c_Viruses,Diff,77893.39019,233680.1706,NA,NA,VPCL_AR_DIFF_LMER
CR,1,1,T0_T24,c_Viruses,Diff,77893.39019,233680.1706,NA,NA,VPCL_AR_DIFF_LMER
CR,2,1,T0_T3,c_Viruses,Diff,0,0,NA,NA,VPCL_AR_DIFF_LMER
CR,2,1,T0_T6,c_Viruses,Diff,0,0,NA,NA,VPCL_AR_DIFF_LMER
CR,2,1,T0_T9,c_Viruses,Diff,84787.76129,254363.2839,NA,NA,VPCL_AR_DIFF_LMER
CR,2,1,T0_T12,c_Viruses,Diff,59895.90257,359375.4154,NA,NA,VPCL_AR_DIFF_LMER
CR,2,1,T0_T24,c_Viruses,Diff,59895.90257,359375.4154,NA,NA,VPCL_AR_DIFF_LMER
CR,3,1,T0_T3,c_Viruses,Diff,25678.69168,77036.07504,NA,NA,VPCL_AR_DIFF_LMER
CR,3,1,T0_T6,c_Viruses,Diff,41712.36171,250274.1703,NA,NA,VPCL_AR_DIFF_LMER
CR,3,1,T0_T9,c_Viruses,Diff,63702.42104,573321.7893,NA,NA,VPCL_AR_DIFF_LMER
CR,3,1,T0_T12,c_Viruses,Diff,172947.1035,2075365.242,NA,NA,VPCL_AR_DIFF_LMER
CR,3,1,T0_T24,c_Viruses,Diff,205239.9044,4925757.705,NA,NA,VPCL_AR_DIFF_LMER
CR,4,1,T0_T3,c_Viruses,Diff,0,0,NA,NA,VPCL_AR_DIFF_LMER
CR,4,1,T0_T6,c_Viruses,Diff,29193.12169,87579.36508,NA,NA,VPCL_AR_DIFF_LMER
CR,4,1,T0_T9,c_Viruses,Diff,409987.975,2459927.85,NA,NA,VPCL_AR_DIFF_LMER
CR,4,1,T0_T12,c_Viruses,Diff,409987.975,2459927.85,NA,NA,VPCL_AR_DIFF_LMER
CR,4,1,T0_T24,c_Viruses,Diff,247885.8169,3489331.756,NA,NA,VPCL_AR_DIFF_LMER
CR,5,1,T0_T3,c_Viruses,Diff,0,0,NA,NA,VPCL_AR_DIFF_LMER
CR,5,1,T0_T6,c_Viruses,Diff,0,0,NA,NA,VPCL_AR_DIFF_LMER
CR,5,1,T0_T12,c_Viruses,Diff,4243.82716,25462.96296,NA,NA,VPCL_AR_DIFF_LMER
CR,5,1,T0_T24,c_Viruses,Diff,4243.82716,25462.96296,NA,NA,VPCL_AR_DIFF_LMER
CR,1,1,T0_T3,c_Viruses,Diff,0,0,0,NA,VPCL_AR_DIFF_LMER_SE
CR,1,1,T0_T6,c_Viruses,Diff,0,0,0,NA,VPCL_AR_DIFF_LMER_SE
CR,1,1,T0_T9,c_Viruses,Diff,0,0,0,NA,VPCL_AR_DIFF_LMER_SE
CR,1,1,T0_T12,c_Viruses,Diff,0,0,0,NA,VPCL_AR_DIFF_LMER_SE
CR,1,1,T0_T24,c_Viruses,Diff,0,0,0,NA,VPCL_AR_DIFF_LMER_SE
CR,2,1,T0_T3,c_Viruses,Diff,0,0,0,NA,VPCL_AR_DIFF_LMER_SE
CR,2,1,T0_T6,c_Viruses,Diff,0,0,0,NA,VPCL_AR_DIFF_LMER_SE
CR,2,1,T0_T9,c_Viruses,Diff,0,0,0,NA,VPCL_AR_DIFF_LMER_SE
CR,2,1,T0_T12,c_Viruses,Diff,0,0,0,NA,VPCL_AR_DIFF_LMER_SE
CR,2,1,T0_T24,c_Viruses,Diff,0,0,0,NA,VPCL_AR_DIFF_LMER_SE
CR,3,1,T0_T3,c_Viruses,Diff,0,0,0,NA,VPCL_AR_DIFF_LMER_SE
CR,3,1,T0_T6,c_Viruses,Diff,0,0,0,NA,VPCL_AR_DIFF_LMER_SE
CR,3,1,T0_T9,c_Viruses,Diff,0,0,0,NA,VPCL_AR_DIFF_LMER_SE
CR,3,1,T0_T12,c_Viruses,Diff,500681.1507,1502043.452,212028.6974,NA,VPCL_AR_DIFF_LMER_SE
CR,3,1,T0_T24,c_Viruses,Diff,290162.3944,4352435.916,43466.97854,NA,VPCL_AR_DIFF_LMER_SE
CR,4,1,T0_T3,c_Viruses,Diff,0,0,0,NA,VPCL_AR_DIFF_LMER_SE
CR,4,1,T0_T6,c_Viruses,Diff,0,0,0,NA,VPCL_AR_DIFF_LMER_SE
CR,4,1,T0_T9,c_Viruses,Diff,790782.8283,2372348.485,339944.7095,NA,VPCL_AR_DIFF_LMER_SE
CR,4,1,T0_T12,c_Viruses,Diff,790782.8283,2372348.485,394829.941,NA,VPCL_AR_DIFF_LMER_SE
CR,4,1,T0_T24,c_Viruses,Diff,790782.8283,2372348.485,442337.6297,NA,VPCL_AR_DIFF_LMER_SE
CR,5,1,T0_T3,c_Viruses,Diff,0,0,0,NA,VPCL_AR_DIFF_LMER_SE
CR,5,1,T0_T6,c_Viruses,Diff,0,0,0,NA,VPCL_AR_DIFF_LMER_SE
CR,5,1,T0_T12,c_Viruses,Diff,0,0,0,NA,VPCL_AR_DIFF_LMER_SE
CR,5,1,T0_T24,c_Viruses,Diff,0,0,0,NA,VPCL_AR_DIFF_LMER_SE
